Event,Year,Type,Begin Date,End Date,Summary,CPI-Adjusted Estimated Cost (in Billions),Deaths,Event Short,Type Simple,Unique Event
Minnesota Hail Storm and Upper Midwest Severe Weather June 2017,2017,Hurricane,2017-06-09,2017-06-16,"Severe hail and high wind damage impacting numerous states including MN, WI, WY, TX, IA, IL, KS, MO, NE, NY, PA, VA. The Minneapolis metro area in particular was damaged from large, destructive hail impacting many buildings and vehicles. This damage is comparable to the May 15, 1998 Minnesota hail storm that was also very costly.",$2.5,0,Hail 2017,Hurricane,Hail 2017
Colorado Hail Storm and Central Severe Weather May 2017,2017,Severe Weather,2017-05-08,2017-05-11,"Hail storm and wind damage impacting several states including CO, OK, TX, NM, MO. The most costly impacts were in the Denver metro region where baseball-sized hail caused the most expensive hail storm in Colorado history, with insured losses exceeding 1.5 billion.",$2.2,0,Severe Weather 2017,Other,Severe Weather 2017
Missouri and Arkansas Flooding and Central Severe Weather May 2017,2017,Flooding,2017-04-25,2017-05-07,"A period of heavy rainfall up to 15 inches over a multi-state region in the Midwest caused historic levels of flooding along many rivers. The flooding was most severe in Missouri, Arkansas and southern Illinois where levees were breached and towns were flooded. There was widespread damage to homes, businesses, infrastructure and agriculture. Severe storms also caused additional impacts during the flooding event across a number of central and southern states.",$1.7,20,Flooding 2017,Other,Flooding 2017
South/ Southeast Severe Weather March 2017,2017,Severe Weather,2017-03-26,2017-03-28,"Large hail and high winds in Texas north of the Dallas metro region caused widespread damage to structures and vehicles. Severe storms also caused damage across several other states (OK, TN, KY, MS, AL) due to the combination of high winds, hail and tornadoes.",$2.1,0,Severe Weather 2017,Other,Severe Weather 2017 2
Southeast Freeze March 2017,2017,Freeze,2017-03-14,2017-03-16,"Severe freeze heavily damaged fruit crops across several southeastern states (SC, GA, NC, TN, AL, MS, FL, KY, VA). Mid-March freezes are not climatologically unusual in the Southeast, however many crops were blooming 3+ weeks early due to unusually warm temperatures during the preceding weeks. Damage was most severe in Georgia and South Carolina. Crops most impacted include peaches, blueberries, strawberries and apples, among others.",$1.0,0,Freeze 2017,Other,Freeze 2017
Midwest Tornado Outbreak March 2017,2017,Tornadoes,2017-03-06,2017-03-08,"Tornado outbreak and wind damage across many Midwestern states (AR, IA, IL, KS, MI, MN, MO, NE, NY, OH, WI). Missouri and Illinois were impacted by numerous tornadoes while Michigan and New York were affected by destructive, straight-line winds following the storm system. Nearly one million customers lost power in Michigan alone due to sustained high winds, which affected several states from Illinois to New York.",$2.1,2,Tornadoes 2017,Other,Tornadoes 2017
Central/ Southeast Tornado Outbreak March 2017,2017,Tornadoes,2017-02-28,2017-03-01,Over 70 tornadoes developed during a widespread outbreak across many central and southern states causing significant damage. There was also widespread straight-line wind and hail damage. This was the second large tornado outbreak to occur early in 2017.,$1.8,6,Tornadoes 2017,Other,Tornadoes 2017 2
California Flooding February 2017,2017,Flooding,2017-02-08,2017-02-22,"Heavy, persistent rainfall across northern and central California created substantial property and infrastructure damage from flooding, landslides and erosion. Notable impacts include severe damage to the Oroville Dam spillway, which caused a multi-day evacuation of 188,000 residents downstream. Excessive rainfall also caused flood damage in the city of San Jose, as Coyote Creek overflowed its banks and inundated neighborhoods forcing 14,000 residents to evacuate.",$1.5,5,Flooding 2017,Other,Flooding 2017 2
Southern Tornado Outbreak and Western Storms January 2017,2017,Tornadoes,2017-01-20,2017-01-22,"High wind damage occurred across southern California near San Diego followed by 79 confirmed tornadoes during an outbreak across many southern states including AL, FL, GA, LA, MS, SC and TX. This was the 3rd most tornadoes to occur in a single outbreak during a winter month (Dec.-Feb.) for records going back to 1950.",$1.1,24,Tornadoes 2017,Other,Tornadoes 2017 3
Western/ Southeast Wildfires Summer-Fall 2016,2016,Wildfires,2016-06-01,2016-12-31,"Western and Southern states experienced an active wildfire season with over 5.0 million acres burned nationally. Most notable was the firestorm that impacted Gatlinburg, Tennessee with hurricane-force wind gusts in extremely dry conditions creating volatile wildfire behavior. These wildfires destroyed nearly 2,500 structures and caused 14 fatalities. The drought conditions in many areas of the Southeast and California worsened the wildfire potential.",$2.5,21,Wildfires 2016,Other,Wildfires 2016
West/ Northeast/ Southeast Drought 2016,2016,Drought,2016-01-01,2016-12-31,"California's 5-year drought persisted during 2016 while new areas of extreme drought developed in states across the Northeast and Southeast. The long-term impacts of the drought in California have damaged forests where 100+ million trees have perished and are a public safety hazard. The agricultural impacts were reduced in California as water prices and crop fallowing declined. However, agricultural impacts developed in Northeast and Southeast due to stressed water supplies.",$3.6,0,Drought 2016,Other,Drought 2016
Hurricane Matthew October 2016,2016,Hurricane,2016-10-08,2016-10-12,"Hurricane Matthew paralleled the Southeast coast from Florida to North Carolina causing widespread damage from wind, storm surge and inland flooding. The most costly impacts were due to historic levels of river flooding in eastern North Carolina where 100,000 homes, businesses and other structures were damaged. This inland flooding was comparable to Hurricane Floyd (1999) that also impacted eastern North Carolina. Matthew narrowly missed landall on Florida's east coast as a powerful category 4 storm.",$10.3,49,Matthew 2016,Hurricane,Matthew 2016
Louisiana Flooding August 2016,2016,Flooding,2016-08-12,2016-08-15,"A historic flood devastated a large area of southern Louisiana resulting from 20 to 30 inches of rainfall over several days. Watson, Louisiana received an astounding 31.39 inches of rain from the storm. Two-day rainfall totals in the hardest hit areas have a 0.2% chance of occurring in any given year: a 1 in 500 year event. More than 30,000 people were rescued from the floodwaters that damaged or destroyed over 50,000 homes, 100,000 vehicles and 20,000 businesses. This is the most damaging U.S. flood event since Superstorm Sandy impacted the Northeast in 2012.",$10.3,13,Flooding 2016,Other,Flooding 2016
Rockies and Northeast Severe Weather July 2016,2016,Severe Weather,2016-07-28,2016-07-30,"Severe storms across the Rockies and Northeastern states (CO, WY, VA, MD, PA, NJ, NY) caused large hail and high wind damage. Storm damage in Colorado was the most costly due to hail.",$1.5,0,Severe Weather 2016,Other,Severe Weather 2016 2
West Virginia Flooding and Ohio Valley Tornadoes June 2016,2016,Flooding,2016-06-22,2016-06-24,"Torrential rainfall caused destructive flooding through many West Virginia towns, damaging thousands of homes and businesses and causing considerable loss of life. Over 1,500 roads and bridges were damaged or destroyed making the impact on infrastructure comparable to the historic 2013 Colorado flood. The storm system also produced numerous tornadoes causing damage across several Ohio Valley states.",$1.0,23,Flooding 2016,Other,Flooding 2016 4
Rockies/ Central Tornadoes and Severe Weather May 2016,2016,Severe Weather,2016-05-21,2016-05-26,"Sustained period of severe thunderstorms and tornadoes affecting several states including Montana, Colorado, Kansas, Missouri and Texas. The most concentrated days for tornado development were on May 22 and 24. Additional damage was created by straight-line high wind and hail damage.",$1.2,0,Severe Weather 2016,Other,Severe Weather 2016 3
Plains Tornadoes and Central Severe Weather May 2016,2016,Severe Weather,2016-05-08,2016-05-11,"Tornadoes and severe storms cause widespread damage across the Plains and Central states (NE, MO, TX, OK, KS, CO, IL, KY, TN) over a multi-day period. The damage from tornadoes and high wind was most costly in Nebraska and Missouri.",$1.8,2,Severe Weather 2016,Other,Severe Weather 2016
South/ Southeast Tornadoes April 2016,2016,Tornadoes,2016-04-26,2016-05-02,Large outbreak of tornadoes affects numerous states across the South and Southeast. Additional damage also from large hail and straight-line wind during the multi-day thunderstorm event.,$2.5,6,Tornadoes 2016,Other,Tornadoes 2016
Houston Flooding April 2016,2016,Flooding,2016-04-17,2016-04-18,"A period of extreme rainfall up to 17 inches created widespread urban flooding in Houston and surrounding suburbs. Thousands of homes and businesses were damaged and more than 1,800 high water rescues were conducted. This represents the most widespread flooding event to affect Houston since Tropical Storm Allison in 2001.",$2.8,8,Flooding 2016,Other,Flooding 2016 2
North/ Central Texas Hail Storm April 2016,2016,Hail Storm,2016-04-10,2016-04-12,"Widespread severe hail damage across north and central Texas including the cities of Plano, Wylie, Frisco, Allen and San Antonio. The damage in San Antonio was particularly severe as the National Weather Service verified reports of hail size reaching 4.5 inches in diameter. This ranks as one of the most costly hail events to affect the United States.",$3.6,0,Hail Storm 2016,Other,Hail Storm 2016
North Texas Hail Storm March 2016,2016,Hail Storm,2016-03-23,2016-03-24,"Large hail and strong winds caused considerable damage in heavily populated areas of north Texas. This damage was most notable in the cities of Dallas, Fort Worth and Plano.",$2.1,0,Hail Storm 2016,Other,Hail Storm 2016 2
Southern Severe Weather March 2016,2016,Severe Weather,2016-03-17,2016-03-18,"Severe hail impacts the Fort Worth and Arlington metro region in Texas. Additional large hail and high wind damage occurred in other locations of Texas, Louisiana and Mississippi.",$1.2,1,Severe Weather 2016,Other,Severe Weather 2016 4
Texas and Louisiana Flooding March 2016,2016,Flooding,2016-03-08,2016-03-12,"Multiple days of heavy rainfall averaging 15 to 20 inches led to widespread flooding along the Sabine River basin on the Texas and Louisiana border. This prompted numerous evacuations, high-water rescues and destruction, as more than 1,000 homes and businesses were damaged or destroyed.",$2.4,5,Flooding 2016,Other,Flooding 2016 3
Southeast and Eastern Tornadoes February 2016,2016,Tornadoes,2016-02-22,2016-02-24,"Early outbreak of tornadoes and severe weather across many southern and eastern states including (AL, CT, FL, GA, LA, MA, MD, MS, NC, NJ, NY, PA, SC, TX, VA). There were at least 50 confirmed tornadoes causing widespread damage.",$1.1,10,Tornadoes 2016,Other,Tornadoes 2016 2
Western Drought 2015,2015,Drought,2015-01-01,2015-12-31,"Drought conditions were present across numerous western states (CA, NV, OR, WA, ID, MT, UT, AZ) with the most severe conditions continuing to plague California for all of 2015. The agriculture sector was again impacted by a lack of rainfall resulting in hundreds of thousands of acres of farmland remaining fallow and requiring excess groundwater pumping to irrigate existing agriculture interests. Wildfire conditions were further enhanced by the ongoing drought. California experienced extensive damage from both drought and wildfire impacts. Drought conditions did improve dramatically across Texas and Oklahoma, in the form of several major flood events.",$4.7,0,Drought 2015,Other,Drought 2015
Texas Tornadoes and Midwest Flooding December 2015,2015,Flooding,2015-12-26,2015-12-29,"A powerful storm system packing unseasonably strong tornadoes caused widespread destruction in the Dallas metropolitan region, damaging well over 1,000 homes and businesses. This same potent system also produced intense rainfall over several Midwestern states triggering historic flooding that has approached or broken records at river gauges in several states (MO, IL, AR, TN, MS, LA). The flooding has overtopped levees and caused damage in numerous areas. This historic storm also produced high wind, snow and ice impacts from New Mexico through the Midwest and into New England. Overall, the storm caused at least 50 deaths from the combined impact of tornadoes, flooding and winter weather.",$2.1,50,Flooding 2015,Other,Flooding 2015 2
Western and Alaskan Wildfires Summer-Fall 2015,2015,Wildfires,2015-06-01,2015-11-30,"Wildfires burned over 10.1 million acres across the U.S. in 2015, surpassing 2006 for the highest annual total of U.S. acreage burned since record-keeping began in 1960. The most costly wildfires occurred in California where over 2,500 structures were destroyed due to the Valley and Butte wildfires with the insured losses alone exceeding 1.0 (1.1) billion. The most extensive wildfires occurred in Alaska where over 5 million acres burned within the state. There was extensive burnt acreage across other western states, most notably (OR, WA, ID, MT, ND, CO, WY, TX).",$3.2,12,Wildfires 2015,Other,Wildfires 2015
South Carolina and East Coast Flooding October 2015,2015,Flooding,2015-10-01,2015-10-05,"Historic levels of flooding impacted South Carolina causing widespread damage to many homes, businesses, public buildings and infrastructure. This interrupted commerce and closed major transportation corridors (such as I-95) for weeks as rivers slowly receded. Locally extreme rainfall totals exceeding 20-inches were common resulting from the convergence of a powerful low pressure system / frontal boundary and copious moisture from Hurricane Joaquin in the Atlantic.",$2.1,25,Flooding 2015,Other,Flooding 2015 3
Central and Northeast Severe Weather June 2015,2015,Severe Weather,2015-06-21,2015-06-25,"Severe storms across numerous Central and Northeast states (CO, CT, IA, IL, MD, MI, NJ, NY, PA, SD, VA, WI) with widespread hail and high wind damage.",$1.2,1,Severe Weather 2015,Other,Severe Weather 2015 3
Texas and Oklahoma Flooding and Severe Weather May 2015,2015,Flooding,2015-05-23,2015-05-26,"A slow-moving system caused tremendous rainfall and subsequent flooding to occur in Texas and Oklahoma. The Blanco river in Texas swelled from 5 feet to a crest of more than 40 feet over several hours causing considerable property damage and loss of life. The city of Houston also experienced flooding which resulted in hundreds of high-water rescues. The damage in Texas alone exceeded 1.0 (1.1) billion. There was also damage in other states (KS, CO, AR, OH, LA, GA, SC) from associated severe storms.",$2.6,31,Flooding 2015,Other,Flooding 2015
Southern Plains Tornadoes May 2015,2015,Tornadoes,2015-05-06,2015-05-10,"Tornado outbreak across the Southern Plain states (IA, KS, NE, OK, CO, SD, TX) with 122 tornadoes. The most costly damage occurred across Texas and Oklahoma.",$1.3,4,Tornadoes 2015,Other,Tornadoes 2015
South/ Southeast Severe Weather April 2015,2015,Severe Weather,2015-04-18,2015-04-20,"Severe storms across the South and Southeastern states (AL, AR, FL, GA, KS, LA, MS, NC, OK, SC, TN, TX). High winds and severe hail created the most significant damage in Texas.",$1.3,0,Severe Weather 2015,Other,Severe Weather 2015 2
Midwest/ Ohio Valley Severe Weather April 2015,2015,Severe Weather,2015-04-07,2015-04-09,"Severe storms across the Midwest and Ohio Valley including the states (AR, IA, IL, IN, KS, KY, MI, MO, NC, OH, OK, PA, TN, TX, WI, WV). Large hail and high winds created the most damage across Missouri and Illinois.",$1.6,2,Severe Weather 2015,Other,Severe Weather 2015
"Central and Eastern Winter storm, Cold Wave February 2015",2015,Winter Storm,2015-02-14,2015-02-20,"A large winter storm and associated cold wave impacted many central, eastern and northeastern states (CT, DE, GA, IL, KY, MA, MD, ME, MI, NC, NH, NJ, NY, OH, PA, RI, SC, TN, VA). The city of Boston was particularly impacted as feet of snow continued to accumulate causing load-stress on buildings and clogging transportation corridors. Total, direct losses in Massachusetts alone exceed 1.0 (1.1) billion for this event, with considerable damage in many other states.",$3.1,30,Winter Storm 2015,Other,Winter Storm 2015
Western Drought 2014,2014,Drought,2014-01-01,2014-12-31,"Historic drought conditions affected the majority of California for all of 2014 making it the worst drought on record for the state. Surrounding states and parts of Texas, Oklahoma and Kansas also experienced continued severe drought conditions. This is a continuation of drought conditions that have persisted for several years.",$4.2,0,Drought 2014,Other,Drought 2014
Rockies/ Plains Severe Weather September 2014,2014,Severe Weather,2014-09-29,2014-10-02,"Severe storms across the Rockies and Plains states (CO, KS, TX). Large hail and high winds created significant damage across eastern Colorado and Texas, particularly in the Dallas metro area.",$1.5,0,Severe Weather 2014,Other,Severe Weather 2014 3
Michigan and Northeast Flooding August 2014,2014,Flooding,2014-08-11,2014-08-13,"Heavy rainfall in excess of 5 inches caused significant flooding in cities across Michigan damaging thousands of cars, business, homes and other infrastructure. Flooding also occurred across Maryland and New York's Long Island, as the slow-moving storm system delivered 24-hour rainfall exceeding 6 and 12 inches, respectively, creating more flood damage. Islip, NY received 13.57 inches of rain over a 24-hour period on Aug 12-13 setting a new 24-hour precipitation record for New York.",$1.1,2,Flooding 2014,Other,Flooding 2014 2
Rockies/ Central Plains Severe Weather June 2014,2014,Severe Weather,2014-06-03,2014-06-05,"Severe storms across the Rockies and Central Plains states (NE, KS, WY, IA, AR). Wind gusts exceeding 90 mph and baseball to softball sized hail caused severe damage to structures and vehicles in central and eastern Nebraska.",$2.0,2,Severe Weather 2014,Other,Severe Weather 2014 2
Rockies/ Midwest/ Eastern Severe Weather May 2014,2014,Severe Weather,2014-05-18,2014-05-23,"Severe storms across the Rockies, Midwest and Eastern states (CO, MT, IA, IL, IN, OH, SC, VA, PA, DE, NY) with the most costly damage in Colorado, Illinois and Pennsylvania.",$3.9,0,Severe Weather 2014,Other,Severe Weather 2014
Midwest/ Southeast/ Northeast Tornadoes and Flooding April 2014,2014,Flooding,2014-04-27,2014-05-01,"Tornado outbreak across the Midwest, Southeast and Northeast states (AL, AR, DE, FL, GA, KS, MD, MO, MS, NC, NJ, NY, PA, TN, VA) with 83 confirmed tornadoes. Mississippi had its 3rd greatest number of tornadoes reported for any day since 1950. Torrential rainfall in the Florida panhandle also caused major flooding, as Pensacola set new 1-day and 2-day precipitation records of 15.55 and 20.47 inches, respectively. Flooding rains were also reported in coastal Alabama, as Mobile received 11.24 inches of rain, the third greatest calendar day rainfall total for the city.",$1.8,33,Flooding 2014,Other,Flooding 2014
Plains Severe Weather April 2014,2014,Severe Weather,2014-04-02,2014-04-03,"Severe storms across the Plains states (IL, KS, MO, TX) causing considerable hail and wind damage in Texas.",$1.5,0,Severe Weather 2014,Other,Severe Weather 2014 4
Midwest/ Southeast/ Northeast Winter Storm January 2014,2014,Winter Storm,2014-01-05,2014-01-08,"Winter storm caused widespread damage across numerous Midwest, Southeast and Northeastern states (AL, GA, IL, IN, KY, MD, MI, MO, MS, NC, NJ, NY, OH, PA, SC, TN, VA).",$2.3,16,Winter Storm 2014,Other,Winter Storm 2014
Western/ Plains Drought/ Heatwave Spring-Fall 2013,2013,Drought,2013-03-01,2013-11-30,"The 2013 drought slowly dissipated from the historic levels of the 2012 drought, as conditions improved across many Midwestern and Plains states. However, moderate to extreme drought did remain or expand into western states (AZ, CA, CO, IA, ID, IL, KS, MI, MN, MO, ND, NE, NM, NV, OK, OR, SD, TX, UT, WA, WI, WY). In comparison to 2011 and 2012 drought conditions the US experienced only moderate crop losses across the central agriculture states.",$11.1,53,Drought 2013,Other,Drought 2013
"Ohio Valley Tornadoes November 17, 2013",2013,Tornadoes,2013-11-17,2013-11-17,"Late-season outbreak of tornadoes and severe weather over the Ohio Valley (IL, IN, KY, MI, MO, OH) with 70 confirmed tornadoes. Most severe impacts occurred across Illinois and Indiana.",$1.2,8,Tornadoes 2013,Other,Tornadoes 2013 3
Colorado Flooding September 10-16 2013,2013,Flooding,2013-09-10,2013-09-16,"A stalled frontal boundary over Colorado led to record rainfall, as some areas received > 15 inches over several days. This resulted in historic flooding across numerous cities and towns. Destruction of residences, businesses and transportation infrastructure was widespread.",$1.6,9,Flooding 2013,Other,Flooding 2013
Midwest Severe Weather August 6-7 2013,2013,Severe Weather,2013-08-06,2013-08-07,Severe weather and large hail causes considerable damage across Minnesota and Wisconsin.,$1.1,0,Severe Weather 2013,Other,Severe Weather 2013 3
Midwest/ Plains/ Northeast Tornadoes May 27-31 2013,2013,Tornadoes,2013-05-27,2013-05-31,"Outbreak of tornadoes and severe weather over the Midwest, Plains and Northeast (IL, IN, KS, MO, NY, OK, TX) with 92 confirmed tornadoes including the deadly tornado that struck El Reno, OK. There was also significant damage resulting from hail and straight-line wind.",$1.9,10,Tornadoes 2013,Other,Tornadoes 2013 2
Midwest/ Plains/ East Tornadoes May 18-22 2013,2013,Tornadoes,2013-05-18,2013-05-22,"Outbreak of tornadoes and severe weather over the Midwest, Plains and Eastern states (GA, IA, IL, KS, MO, NY, OK, TX) with 59 confirmed tornadoes including the deadly tornado that impacted Moore, OK. Many destructive tornadoes remained on the ground for an extended time.",$2.5,27,Tornadoes 2013,Other,Tornadoes 2013
Illinois Flooding and Severe Weather April 16-19 2013,2013,Flooding,2013-04-16,2013-04-19,A slow-moving storm system created rainfall totals of 5 to 10 inches across northern and central Illinois including the Chicago metro. This resulted in damage to many homes and businesses. There was also severe weather damage from wind and hail across Indiana and Missouri.,$1.1,4,Flooding 2013,Other,Flooding 2013 2
"Midwest/ Plains Severe Weather April 7-11, 2013",2013,Severe Weather,2013-04-07,2013-04-11,"Severe weather across the Midwest and Plains states (IN, KS, MO, NE) with a total of 26 confirmed tornadoes. Considerable damage resulting from hail and straight-line wind.",$1.5,1,Severe Weather 2013,Other,Severe Weather 2013 2
"Southeast Severe Weather March 18, 2013",2013,Severe Weather,2013-03-18,2013-03-18,"Severe weather over the Southeast (MS, AL, GA, TN) with 10 confirmed tornadoes. Considerable damage resulting from large hail and straight-line wind.",$2.1,1,Severe Weather 2013,Other,Severe Weather 2013
U.S. Drought/ Heatwave 2012,2012,Drought,2012-01-01,2012-12-31,"The 2012 drought is the most extensive drought to affect the U.S. since the 1930s. Moderate to extreme drought conditions affected more than half the country for a majority of 2012. The following states were affected: CA, NV, ID, MT, WY, UT, CO, AZ, NM, TX, ND, SD, NE, KS, OK, AR, MO, IA, MN, IL, IN, GA. Costly drought impacts occurred across the central agriculture states resulting in widespread harvest failure for corn, sorghum and soybean crops, among others. The associated summer heatwave also caused 123 direct deaths, but an estimate of the excess mortality due to heat stress is still unknown.",$32.4,123,Drought 2012,Other,Drought 2012
Western Wildfires Summer-Fall 2012,2012,Wildfires,2012-06-01,2012-11-30,"Wildfires burned over 9.2 million acres across the U.S. in 2012. This is the 3rd highest annual total since the year 2000. The most damaging wildfires occurred in the western states (CO, ID, WY, MT, CA, NV, OR, WA). Colorado experienced the most costly wildfires (e.g., Waldo Canyon fire) where several hundred residences were destroyed.",$1.9,8,Wildfires 2012,Other,Wildfires 2012
Hurricane Sandy October 2012,2012,Hurricane,2012-10-30,2012-10-31,"Extensive damage across several northeastern states (MD, DE, NJ, NY, CT, MA, RI) due to high wind and coastal storm surge, particularly NY and NJ. Damage from wind, rain and heavy snow also extended more broadly to other states (NC, VA, WV, OH, PA, NH), as Sandy merged with a developing Nor'easter. Sandy's impact on major population centers caused widespread interruption to critical water / electrical services and also caused 159 deaths (72 direct, 87 indirect). Sandy also caused the New York Stock Exchange to close for two consecutive business days, which last happened in 1888 due to a major winter storm.",$70.2,159,Sandy 2012,Hurricane,Sandy 2012
Hurricane Isaac August 2012,2012,Hurricane,2012-08-26,2012-08-31,"Category 1 hurricane made landfall over Louisiana. Isaac's slow motion and large size led to a large storm surge and flooding rains. This created damage across several southeastern states (LA, MS, AL, FL) including 9 deaths (5 direct, 4 indirect).",$3.0,9,Isaac 2012,Hurricane,Isaac 2012
Plains/ East/ Northeast Severe Weather June 29-July 2 2012,2012,Severe Weather,2012-06-29,2012-07-02,"Sustained outbreak of thunderstorms / high winds from a strong derecho event over the central, eastern, and northeastern states (IL, IN, KY, OH, WV, SC, NC, VA, MD, DC, NJ).",$3.1,28,Severe Weather 2012,Other,Severe Weather 2012 2
Rockies/ Southwest Severe Weather June 6-12 2012,2012,Severe Weather,2012-06-06,2012-06-12,"Severe storms and damaging hail over several states (CO, NM, TX) with 25 confirmed tornadoes. Colorado experienced over 1.0 (1.1) billion in damage due to hail.",$2.8,0,Severe Weather 2012,Other,Severe Weather 2012 3
Southern Plains/ Midwest/ Northeast Severe Weather May 25-30 2012,2012,Severe Weather,2012-05-25,2012-05-30,"Severe storms over the southern plains, midwest and northeast (TX, OK, KS, MN, PA, NY) with 27 confirmed tornadoes. Significant damage also from severe hail and straight-line winds.",$2.5,1,Severe Weather 2012,Other,Severe Weather 2012 4
Midwest/ Ohio Valley Severe Weather April 28-May 1 2012,2012,Severe Weather,2012-04-28,2012-05-01,"Severe weather over the midwest and Ohio Valley (TX, OK, KS, MO, IL, IN, KY) with 38 confirmed tornadoes. Considerable damage resulting from hail.",$3.5,1,Severe Weather 2012,Other,Severe Weather 2012
Midwest Tornadoes April 13-14 2012,2012,Tornadoes,2012-04-13,2012-04-14,"Outbreak of tornadoes and severe weather over the midwest (OK, KS, NE, IA) with 98 confirmed tornadoes including many tornadoes that remained on the ground for an extended time - traveling tens of miles.",$1.2,6,Tornadoes 2012,Other,Tornadoes 2012 2
Texas Tornadoes April 2-3 2012,2012,Tornadoes,2012-04-02,2012-04-03,Outbreak of tornadoes across the greater Dallas-Ft. Worth metropolitan area. Several moderate strength tornadoes (EF-2 and EF-3) affected towns in this area with a total of 22 confirmed tornadoes.,$1.1,0,Tornadoes 2012,Other,Tornadoes 2012 3
Southeast/ Ohio Valley Tornadoes March 2-3 2012,2012,Tornadoes,2012-03-02,2012-03-03,"Outbreak of tornadoes and severe weather over the southeast and Ohio Valley (AL, GA, IN, OH, KY, TN) with 75 confirmed tornadoes.",$3.4,42,Tornadoes 2012,Other,Tornadoes 2012
"Texas, New Mexico, Arizona Wildfires Summer-Fall 2011",2011,Wildfires,2011-06-01,2011-11-30,"Continued drought conditions and periods of extreme heat provided conditions favorable for a series of historic wildfires across Texas, New Mexico and Arizona. The Bastrop Fire in Texas was the most destructive fire in Texas history destroying over 1,500 homes. The Wallow Fire consumed over 500,000 acres in Arizona making it the largest on record in Arizona. The Las Conchas Fire in New Mexico was also the state's largest wildfire on record scorching over 150,000 acres while threatening the Los Alamos National Laboratory. Over 3 million acres have burned across Texas this wildfire season.",$2.0,5,Wildfires 2011,Other,Wildfires 2011
Tropical Storm Lee September 2011,2011,Tropical Storm,2011-09-01,2011-09-05,"Wind and flood damage across the southeast (LA, MS, AL, GA, TN) but considerably more damage from record flooding across the northeast (PA, NY, NJ, CT, VA, MD). Pennsylvania and New York were most affected.",$2.8,21,Tropical Storm 2011,Other,Tropical Storm 2011
Southern Plains/ Southwest Drought & Heat Wave Spring-Summer 2011,2011,Drought,2011-03-01,2011-08-31,"Drought and heat wave conditions created major impacts across Texas, Oklahoma, New Mexico, Arizona, southern Kansas, and western Louisiana. In Texas and Oklahoma, a majority of range and pastures were classified in ""very poor"" condition for much of the 2011 crop growing season.",$13.3,95,Drought 2011,Other,Drought 2011
Hurricane Irene August 2011,2011,Hurricane,2011-08-26,2011-08-28,"Category 1 hurricane made landfall over coastal NC and moved northward along the Mid-Atlantic Coast (NC, VA, MD, NJ, NY, CT, RI, MA, VT) causing torrential rainfall and flooding across the Northeast. Wind damage in coastal NC, VA, and MD was moderate with considerable damage resulting from falling trees and power lines, while flooding caused extensive flood damage across NJ, NY, and VT. Over seven million homes and businesses lost power during the storm. Numerous tornadoes were also reported in several states further adding to the damage.",$15.0,45,Irene 2011,Hurricane,Irene 2011
Midwest/ Southeast Severe Weather August 2011,2011,Severe Weather,2011-08-17,2011-08-18,"Severe weather impacts the states IA, KS, MO, NE, SD across the Midwest and Southeast.",$1.3,0,Severe Weather 2011,Other,Severe Weather 2011 3
"Rockies and Midwest Severe Weather July 10-14, 2011",2011,Severe Weather,2011-07-10,2011-07-14,"An outbreak of tornadoes, hail, and high wind caused damage east of the Rockies and across the central plains (CO, WY, IA, IL, MI, MN, OH).",$1.4,2,Severe Weather 2011,Other,Severe Weather 2011 2
Missouri River flooding May-June 2011,2011,Flooding,2011-05-01,2011-06-30,"Melting of an above-average snow pack across the Northern Rocky Mountains combined with above-average precipitation caused the Missouri and Souris Rivers to swell beyond their banks across the Upper Midwest (MT, ND, SD, NE, IA, KS, MO). An estimated 11,000 people were forced to evacuate Minot, North Dakota due to the record high water level of the Souris River, where 4,000 homes were flooded. Numerous levees were breached along the Missouri River, flooding thousands of acres of farmland.",$2.2,5,Flooding 2011,Other,Flooding 2011 2
"Midwest/ Southeast Tornadoes and Severe Weather June 18-22, 2011",2011,Severe Weather,2011-06-18,2011-06-22,"Outbreak of tornadoes over central states (OK, TX, KS, NE, MO, IA, IL) with an estimated 81 tornadoes. Additional wind and hail damage across the Southeast (TN, GA, NC, SC).",$1.7,3,Severe Weather 2011,Other,Severe Weather 2011
Mississippi River flooding April-May 2011,2011,Flooding,2011-04-01,2011-05-31,"Persistent rainfall (nearly 300 percent normal precipitation amounts in the Ohio Valley) combined with melting snowpack caused historical flooding along the Mississippi River and its tributaries. Examples of economic damage include: 500 (555.0) million to agriculture in Arkansas; 320 (355.2) million in damage to Memphis, Tennessee; 800 (888.0) million to agriculture in Mississippi; 317 (351.9) million to agriculture and property in Missouri's Birds Point-New Madrid Spillway; 80 (88.8) million for the first 30 days of flood fighting efforts in Louisiana.",$3.3,7,Flooding 2011,Other,Flooding 2011
"Midwest/ Southeast Tornadoes May 22-27, 2011",2011,Tornadoes,2011-05-22,2011-05-27,"Outbreak of tornadoes over central and southern states (MO, TX, OK, KS, AR, GA, TN, VA, KY, IN, IL, OH, WI, MN, PA) with an estimated 180 tornadoes. Notably, an EF-5 tornado struck Joplin, MO resulting in at least 160 deaths, making it the deadliest single tornado to strike the U.S. since modern tornado record keeping began in 1950.",$10.1,177,Tornadoes 2011,Other,Tornadoes 2011 2
"Southeast/ Ohio Valley/ Midwest Tornadoes April 25-28, 2011",2011,Tornadoes,2011-04-25,2011-04-28,"Outbreak of tornadoes over central and southern states (AL, AR, LA, MS, GA, TN, VA, KY, IL, MO, OH, TX, OK) with an estimated 343 tornadoes. The deadliest tornado of the outbreak, an EF-5, hit northern Alabama, killing 78 people. Several major metropolitan areas were directly impacted by strong tornadoes including Tuscaloosa, Birmingham, and Huntsville in Alabama and Chattanooga, Tennessee, causing the estimated damage costs to soar.",$11.3,321,Tornadoes 2011,Other,Tornadoes 2011
Ohio Valley/ South Tornadoes April 2011,2011,Tornadoes,2011-04-19,2011-04-20,"Dozens of tornadoes and severe storms affect the states AR, IL, IN, KY, MO, OH, TN, TX across the Ohio Valley and South.",$1.2,0,Tornadoes 2011,Other,Tornadoes 2011 6
"Midwest/ Southeast Tornadoes April 14-16, 2011",2011,Tornadoes,2011-04-14,2011-04-16,"Outbreak of tornadoes over central and southern states (OK, TX, AR, MS, AL, GA, NC, SC, VA, PA) with an estimated 177 tornadoes.",$2.3,38,Tornadoes 2011,Other,Tornadoes 2011 5
"Southeast/ Midwest Tornadoes April 8-11, 2011",2011,Tornadoes,2011-04-08,2011-04-11,"Outbreak of tornadoes over central and southern states (NC, SC, TN, AL, TX, OK, KS, IA, WI) with an estimated 59 tornadoes.",$2.4,0,Tornadoes 2011,Other,Tornadoes 2011 4
"Midwest/ Southeast Tornadoes April 4-5, 2011",2011,Tornadoes,2011-04-04,2011-04-05,"Outbreak of tornadoes over central and southern states (KS, MO, IA, IL, WI, KY, GA, TN, NC, SC) with an estimated 46 tornadoes.",$3.1,9,Tornadoes 2011,Other,Tornadoes 2011 3
"Groundhog Day Blizzard February 1-3, 2011",2011,Winter Storm,2011-02-01,2011-02-03,"A large winter storm impacted many central, eastern and northeastern states. The city of Chicago was brought to a virtual standstill as between 1 and 2 feet of snow fell over the area.",$2.0,36,Winter Storm 2011,Other,Winter Storm 2011
Arizona Severe Weather October 2010,2010,Severe Weather,2010-10-05,2010-10-06,"An unusual series of severe thunderstorms across Arizona produced numerous tornadoes and widespread, severe hail damage. Over one-hundred buildings were damaged or destroyed by tornadoes while thousands of automobiles and buildings were damaged by large hail across Phoenix and surrounding cities.",$4.3,0,Severe Weather 2010,Other,Severe Weather 2010
Midwest/ Northeast Severe Storms and Flooding July 2010,2010,Flooding,2010-07-20,2010-07-23,"Severe storms and flooding affect the states IA, IL, MD, NY, PA, WI across the Midwest and Northeast.",$1.1,0,Flooding 2010,Other,Flooding 2010 3
"Oklahoma, Kansas, and Texas Tornadoes and Severe Weather May 2010",2010,Severe Weather,2010-05-10,2010-05-12,"An outbreak of tornadoes, hail, and severe thunderstorms occurred across Oklahoma, Kansas, and Texas in mid-May. Oklahoma was hardest hit with > 1.5 (1.7) billion in damages.",$3.8,3,Severe Weather 2010,Other,Severe Weather 2010 2
East/ South Flooding and Severe Weather May 2010,2010,Flooding,2010-04-30,2010-05-02,"Flooding, hail, tornadoes, and severe thunderstorms occurred across many Southern states (TN, AR, AL, KY, MS, GA) on April 30-May 2. Flooding in the Nashville, TN area alone contributed > 1.0 (1.1) billion in damages. Western and Middle Tennessee were hardest hit with local rainfall amounts of 18-20 inches to the south and west of Greater Nashville.",$2.6,32,Flooding 2010,Other,Flooding 2010
Northeast Flooding March 2010,2010,Flooding,2010-03-01,2010-03-31,"Heavy rainfall over portions of the Northeast in late March caused extensive flooding across several states (RI, CT, MA, NJ, NY, PA). The event caused the worst flooding in Rhode Island's history.",$2.1,11,Flooding 2010,Other,Flooding 2010 2
Southwest/ Great Plains Drought 2009,2009,Drought,2009-01-01,2009-12-31,"Drought conditions occurred during much of the year across parts of the Southwest, Great Plains, and southern Texas causing agricultural losses in numerous states (TX, OK, KS, CA, NM, AZ). The largest agriculture losses occurred in TX and CA.",$4.1,0,Drought 2009,Other,Drought 2009
Western Wildfires Summer-Fall 2009,2009,Wildfires,2009-06-01,2009-11-30,"Residual and sustained drought conditions across western and south-central states resulted in thousands of wildfires. Most affected states include CA, AZ, NM, TX, OK, and UT. National acreage burned exceeding 5.9 million. Over 200 homes and structures destroyed in the California ""Station"" fire alone.",$1.2,10,Wildfires 2009,Other,Wildfires 2009
Colorado Hail Storm July 2009,2009,Hail Storm,2009-07-20,2009-07-20,"Severe hail impacts Colorado. Jefferson County was most affected with hail at least 8 inches deep. The hail damage from this storm was comparable to the July 11, 1990 Colorado hail storm.",$1.2,0,Hail Storm 2009,Other,Hail Storm 2009
"Midwest, South and East Severe Weather June 2009",2009,Severe Weather,2009-06-09,2009-06-12,"Sustained outbreak of thunderstorms and high winds from a strong derecho event over the central, southern, and eastern states (TX, OK, MO, NE, KS, AR, AL, MS, TN, NC, SC, KY, PA).",$1.5,0,Severe Weather 2009,Other,Severe Weather 2009 3
South/ Southeast Severe Weather & Tornadoes April 2009,2009,Severe Weather,2009-04-09,2009-04-10,"Outbreak of tornadoes, hail and severe thunderstorms over the south and southeastern states (AL, AR, GA, KY, MO, SC, TN) with 85 confirmed tornadoes.",$1.7,6,Severe Weather 2009,Other,Severe Weather 2009 2
Midwest/ Southeast Tornadoes March 2009,2009,Tornadoes,2009-03-25,2009-03-28,"Outbreak of tornadoes over central and southern states (NE, KS, OK, IA, TX, LA, MS, AL, GA, TN, KY) with 56 tornadoes confirmed.",$1.9,0,Tornadoes 2009,Other,Tornadoes 2009
Southeast/ Ohio Valley Severe Weather February 2009,2009,Severe Weather,2009-02-10,2009-02-11,"Complex of severe thunderstorms and high winds across the region (TN, KY, OK, OH, VA, WV, PA).",$2.0,10,Severe Weather 2009,Other,Severe Weather 2009
U.S. Drought 2008,2008,Drought,2008-01-01,2008-12-31,"Severe drought and heat caused agricultural losses across a large portion of the U.S. Record low lake levels also occurred in areas of the southeast. The states impacted include AL, AR, CA, CO, GA, ID, IN, KS, KY, MD, MN, MS, MT, NC, ND, NJ, NM, OH, OK, OR, SC, TN, TX, UT, VA, WA and WI.",$8.1,0,Drought 2008,Other,Drought 2008
U.S. Wildfires Fall 2008,2008,Wildfires,2008-09-01,2008-11-30,"Drought conditions across numerous western, central and southeastern states (AK, AZ, CA, NM, ID, UT, MT, NV, OR, WA, CO, TX, OK, NC, FL ) resulted in thousands of wildfires; national acreage burned exceeding 5.2 million acres (mainly in the west) and over 1,000 homes and structures destroyed in California fires alone.",$1.4,16,Wildfires 2008,Other,Wildfires 2008
Hurricane Ike September 2008,2008,Hurricane,2008-09-12,2008-09-14,"Category 2 hurricane makes landfall in Texas, as the largest (in size) Atlantic hurricane on record, causing considerable storm surge in coastal TX and significant wind and flooding damage in TX, LA, AR, TN, IL, IN, KY, MO, OH, MI and PA. Severe gasoline shortages occurred in the southeast U.S. due to damaged oil platforms, storage tanks, pipelines and off-line refineries.",$34.8,112,Ike 2008,Hurricane,Ike 2008
Hurricane Gustav September 2008,2008,Hurricane,2008-08-31,2008-09-03,"Category 2 hurricane makes landfall in Louisiana causing significant wind, storm surge, and flooding damage in AL, AR, LA, and MS.",$7.0,53,Gustav 2008,Hurricane,Gustav 2008
Hurricane Dolly July 2008,2008,Hurricane,2008-07-23,2008-07-25,Category 2 hurricane makes landfall in southern Texas causing considerable wind and flooding damage in TX and NM.,$1.5,3,Dolly 2008,Hurricane,Dolly 2008
Midwest Flooding Summer 2008,2008,Flooding,2008-04-01,2008-06-30,"Heavy rain and flooding caused significant agricultural loss and property damage in IA, IL, IN, MO, MN, NE, and WI with IA being hardest hit with widespread rainfall totals ranging from 4 to over 16 inches.",$11.6,24,Flooding 2008,Other,Flooding 2008
Midwest/ Mid-Atlantic Severe Weather June 2008,2008,Severe Weather,2008-06-06,2008-06-12,"An outbreak of tornadoes and thunderstorms over the Midwest/Mid-Atlantic states (IA, IL, IN, KS, NE, MI, MN, MO, OK, WI, MD, VA, WV).",$1.9,18,Severe Weather 2008,Other,Severe Weather 2008 2
Midwest Tornadoes and Severe Weather May 2008,2008,Severe Weather,2008-05-22,2008-05-27,"Outbreak of tornadoes over the Midwest/Ohio Valley regions (IL, IN, IA, KS, MN, NE, OK, WY, CO) with 235 tornadoes confirmed.",$3.5,13,Severe Weather 2008,Other,Severe Weather 2008
Southern Severe Weather April 2008,2008,Severe Weather,2008-04-09,2008-04-11,"Severe storms affect Arkansas, Oklahoma and Texas across the South.",$1.2,2,Severe Weather 2008,Other,Severe Weather 2008 4
Southeast Tornadoes March 2008,2008,Tornadoes,2008-03-14,2008-03-15,Tornadoes and severe weather across Georgia and South Carolina. This includes an EF-2 tornado causing damage to numerous buildings in downtown Atlanta.,$1.3,5,Tornadoes 2008,Other,Tornadoes 2008
Southeast Tornadoes and Severe Weather February 2008,2008,Severe Weather,2008-02-05,2008-02-06,"Series of tornadoes and severe thunderstorms across the Southeast and Midwest states (AL, AR, IN, KY, MS, OH, TN, TX) with 87 tornadoes confirmed.",$1.4,57,Severe Weather 2008,Other,Severe Weather 2008 3
Western/ Eastern Drought/ Heatwave Summer-Fall 2007,2007,Drought,2007-06-01,2007-11-30,"Severe drought with periods of extreme heat over most of the southeast and portions of the Great Plains, Ohio Valley, and Great Lakes area, resulting in major reductions in crop yields, along with very low stream-flows and lake levels. Includes states of ND, SD, NE, KS, OK, TX, MN, WI, IA, MO, AR, LA, MS, AL, GA, NC, SC, FL, TN, VA, WV, KY, IN, IL, OH, MI, PA, NY.",$4.3,15,Drought 2007,Other,Drought 2007
Western Wildfires Summer 2007,2007,Wildfires,2007-06-01,2007-08-31,"Continued drought conditions and high winds over much of the western U.S. (AK, AZ, CA, ID, UT, MT, NV, OR, WA) resulting in numerous wildfires; with national acreage burned exceeding 8.9 million acres (mainly in the west) and over 3,000 homes and structures destroyed in southern California alone.",$3.3,12,Wildfires 2007,Other,Wildfires 2007
East/ South Severe Weather and Flooding April 2007,2007,Flooding,2007-04-13,2007-04-17,"Flooding, hail, tornadoes, and severe thunderstorms across numerous states (CT, DE, GA, LA, ME, MD, MA, MS, NH, NJ, NY, NC, PA, RI, SC, TX, VT, VA) in mid-April, including 3 ""killer"" tornadoes.",$3.0,9,Flooding 2007,Other,Flooding 2007
Spring Freeze April 2007,2007,Freeze,2007-04-04,2007-04-10,"Widespread severe freeze over much of the east and midwest (AL, AR, GA, IA, IL, IN, KS, KY, MO, MS, NC, NE, OH, OK, SC, TN, VA, WV), causing significant losses in fruit crops, field crops (especially wheat), and the ornamental industry. Temperatures in the teens/20s accompanied by rather high winds nullified typical crop-protection systems.",$2.5,0,Freeze 2007,Other,Freeze 2007
California Freeze January 2007,2007,Freeze,2007-01-11,2007-01-17,"Widespread agricultural freeze -- for nearly two weeks in January, overnight temperatures over a good portion of California dipped into the 20s, destroying numerous agricultural crops; with citrus, berry, and vegetable crops most affected.",$1.7,1,Freeze 2007,Other,Freeze 2007 2
Numerous Wildfires 2006,2006,Wildfires,2006-01-01,2006-12-31,"Numerous wildfires driven by dry weather and high winds burned over 9.8 million acres, across the western half of the country including Alaska. This is the second highest annual total behind the 10.1 million acres burned in 2015 since record-keeping began in 1960. The most affected states were AK, AZ, CA, CO, FL, ID, MT, NM, NV, OK, OR, TX, WA, WY",$1.8,28,Wildfires 2006,Other,Wildfires 2006
Midwest/ Plains/ Southeast Drought Spring-Summer 2006,2006,Drought,2006-03-01,2006-08-31,"Rather severe drought affected crops especially during the spring-summer, centered over the Great Plains region with other areas affected across portions of the south -- including states of ND, SD, NE, KS, OK, TX, MN, IA, MO, AR, LA, MS, AL, GA, FL, MT, WY, CO, NM.",$7.4,0,Drought 2006,Other,Drought 2006
Northeast Flooding June 2006,2006,Flooding,2006-06-25,2006-06-28,"Severe flooding over portions of the northeast due to several weeks of heavy rainfall, affecting the states of NY, PA, DE, MD, NJ, and VA.",$1.9,20,Flooding 2006,Other,Flooding 2006
Midwest Tornadoes April 2006,2006,Tornadoes,2006-04-13,2006-04-16,"Tornadoes and severe weather cause significant damage in the states of IA, IL, IN, and WI. The state of Indiana was most affected with over one billion dollars in damage.",$3.0,27,Tornadoes 2006,Other,Tornadoes 2006
"Midwest/ Southeast Tornadoes April 6-8, 2006",2006,Tornadoes,2006-04-06,2006-04-08,"Severe weather and numerous tornadoes affecting the states of OK, KS, MO, NE, KY, OH, TN, IN, MS, GA, and AL on April 6-8 with 3 ""killer"" tornadoes in TN.",$2.0,10,Tornadoes 2006,Other,Tornadoes 2006 2
Severe Storms and Tornadoes March 2006,2006,Severe Weather,2006-03-08,2006-03-13,"Outbreak of tornadoes over portions of the midwest and south during a week-long period-affecting the states of AL, AR, KY, MS, TN, TX, IN, KS, MO, and OK.",$1.7,10,Severe Weather 2006,Other,Severe Weather 2006
Hurricane Wilma October 2005,2005,Hurricane,2005-10-24,2005-10-24,"Category 3 hurricane hits SW Florida resulting in strong damaging winds and major flooding across southeastern Florida. Prior to landfall, Wilma as a Category 5 recorded the lowest pressure (882 mb) ever recorded in the Atlantic basin.",$24.3,35,Wilma 2005,Hurricane,Wilma 2005
Hurricane Rita September 2005,2005,Hurricane,2005-09-20,2005-09-24,"Category 3 hurricane hits Texas-Louisiana border coastal region, creating significant storm surge and wind damage along the coast, and some inland flooding in the FL panhandle, AL, MS, LA, AR, and TX. Prior to landfall, Rita reached the third lowest pressure (897 mb) ever recorded in the Atlantic basin.",$23.7,119,Rita 2005,Hurricane,Rita 2005
Midwest Drought Spring-Summer 2005,2005,Drought,2005-03-01,2005-08-31,"Rather severe localized drought causes significant crop losses (especially for corn and soybeans) in the states of AR, IL, IN, MO, OH, and WI.",$1.9,0,Drought 2005,Other,Drought 2005
Hurricane Katrina August 2005,2005,Hurricane,2005-08-25,2005-08-30,"Category 3 hurricane initially impacts the U.S. as a Category 1 near Miami, FL, then as a strong Category 3 along the eastern LA-western MS coastlines, resulting in severe storm surge damage (maximum surge probably exceeded 30 feet) along the LA-MS-AL coasts, wind damage, and the failure of parts of the levee system in New Orleans. Inland effects included high winds and some flooding in the states of AL, MS, FL, TN, KY, IN, OH, and GA.",$160.0,1833,Katrina 2005,Hurricane,Katrina 2005
Hurricane Dennis July 2005,2005,Hurricane,2005-07-09,2005-07-11,"Category 3 hurricane makes landfall in western Florida panhandle resulting in storm surge and wind damage along the FL and AL coasts, along with scattered wind and flood damage in GA and MS.",$3.2,15,Dennis 2005,Hurricane,Dennis 2005
Hurricane Jeanne September 2004,2004,Hurricane,2004-09-15,2004-09-29,"Category 3 hurricane makes landfall in east-central Florida, causing considerable wind, storm surge, and flooding damage in FL, with some flood damage also in the states of GA, SC, NC, VA, MD, DE, NJ, PA, and NY. Puerto Rico also affected.",$9.9,28,Jeanne 2004,Hurricane,Jeanne 2004
Hurricane Ivan September 2004,2004,Hurricane,2004-09-12,2004-09-21,"Category 3 hurricane makes landfall on Gulf coast of Alabama, with significant wind, storm surge, and flooding damage in coastal AL and FL panhandle, along with wind/flood damage in the states of GA, MS, LA, SC, NC, VA, WV, MD, TN, KY, OH, DE, NJ, PA, and NY.",$27.1,57,Ivan 2004,Hurricane,Ivan 2004
Hurricane Frances September 2004,2004,Hurricane,2004-09-03,2004-09-09,"Category 2 hurricane makes landfall in east-central Florida, causing significant wind, storm surge, and flooding damage in FL, along with considerable flood damage in the states of GA, SC, NC, and NY due to 5-15 inch rains.",$12.9,48,Frances 2004,Hurricane,Frances 2004
Hurricane Charley August 2004,2004,Hurricane,2004-08-13,2004-08-14,"Category 4 hurricane makes landfall in southwest Florida, resulting in major wind and some storm surge damage in FL, along with some damage in the states of SC and NC.",$21.1,35,Charley 2004,Hurricane,Charley 2004
"Severe Storms, Hail, Tornadoes May 2004",2004,Severe Weather,2004-05-21,2004-05-27,"Severe storms including tornadoes and hail cause damage across the Midwest, South, Southeast and Northeast regions. The states impacted include IA, IL, IN, KY, MI, MO, NC, NE, NY, OK, OH and WI.",$1.3,4,Severe Weather 2004,Other,Severe Weather 2004
California Wildfires Fall 2003,2003,Wildfires,2003-09-01,2003-11-30,"Dry weather, high winds, and resulting wildfires in Southern California burned over 3,700 homes. Nearly 4.0 million acres burned across numerous western states including Alaska.",$5.3,22,Wildfires 2003,Other,Wildfires 2003
Western/ Central Drought/ Heatwave Spring-Fall 2003,2003,Drought,2003-03-01,2003-11-30,"2003 drought across western and central portions of the U.S. with losses to agriculture. The states impacted include AZ, CO, IA, ID, IL, KS, MI, MN, MO, MT, ND, NE, NM, OR, SD, WA and WI.",$6.7,35,Drought 2003,Other,Drought 2003
Hurricane Isabel September 2003,2003,Hurricane,2003-09-18,2003-09-19,"Category 2 hurricane makes landfall in eastern North Carolina, causing considerable storm surge damage along the coasts of NC, VA, and MD, with wind damage and some flooding due to 4-12 inch rains in NC, VA, MD, DE, WV, NJ, NY, and PA.",$7.4,55,Isabel 2003,Hurricane,Isabel 2003
Severe Weather July 2003,2003,Severe Weather,2003-07-21,2003-07-23,"Severe storms impact states across the South, Southeast, Midwest and Northeast regions. The states most impacted include AR, AL, MS, GA, FL, SC, TN, KY, MI, NY, OH, PA and VT.",$1.4,7,Severe Weather 2003,Other,Severe Weather 2003 3
Midwest/ Plains Severe Weather July 2003,2003,Severe Weather,2003-07-04,2003-07-09,"Severe storms affect the states IA, IL, IN, MI, MN, OH, VA, WV across the Midwest and Plains.",$1.2,7,Severe Weather 2003,Other,Severe Weather 2003 4
Severe Storms/ Tornadoes May 2003,2003,Severe Weather,2003-05-03,2003-05-10,"Numerous tornadoes over the midwest, Mississippi valley, OH/TN valleys, and portions of the southeast, with a modern record one-week total of approximately 400 tornadoes reported",$5.6,51,Severe Weather 2003,Other,Severe Weather 2003
Severe Storms/ Hail April 2003,2003,Severe Weather,2003-04-04,2003-04-07,"Severe storms and large hail over the southern plains and lower MS valley, with Texas hardest hit, and much of the monetary losses due to hail.",$2.7,3,Severe Weather 2003,Other,Severe Weather 2003 2
Western Fire Season Fall 2002,2002,Wildfires,2002-09-01,2002-11-30,"Major wildfires over 11 western states from the Rockies to the west coast due to drought and periodic high winds, with over 7.1 million acres burned.",$1.8,21,Wildfires 2002,Other,Wildfires 2002
U.S. Drought Spring-Fall 2002,2002,Drought,2002-03-01,2002-11-30,"Moderate to extreme drought over large portions of 30 states, including the western states, the Great Plains, and much of the eastern U.S.",$12.4,0,Drought 2002,Other,Drought 2002
Hurricane Lili October 2002,2002,Hurricane,2002-08-01,2002-08-05,"Category 1 hurricane makes landfall in Louisiana after causing damage across Saint Lucia, Jamaica, Haiti and Cuba.",$1.5,2,Lili 2002,Hurricane,Lili 2002
Severe Storms and Tornadoes April 2002,2002,Severe Weather,2002-04-27,2002-04-28,"Numerous tornadoes and widespread hail damage over the Central and Eastern states including NC, GA, VA, TX, AR, MO, MS, TN, IL, IN, KY, PA, MD, NY, OH, WV, and KS.",$2.9,7,Severe Weather 2002,Other,Severe Weather 2002
Tropical Storm Allison June 2001,2001,Tropical Storm,2001-06-05,2001-06-17,"The persistent remnants of Tropical Storm Allison produce rainfall amounts of 30-40 inches in portions of coastal Texas and Louisiana, causing severe flooding especially in the Houston area, then moves slowly northeastward; fatalities and significant damage reported in TX, LA, MS, FL, VA, and PA",$11.9,43,Tropical Storm 2001,Other,Tropical Storm 2001
Midwest/ Ohio Valley Hail and Tornadoes April 2001,2001,Hail Storm,2001-04-06,2001-04-11,"Storms, tornadoes, and hail in the states of TX, OK, KS, NE, IA, MO, IL, IN, WI, MI, OH, KY, WV, and PA, over a 6-day period.",$4.3,3,Hail Storm 2001,Other,Hail Storm 2001
Western/ Central/ Southeast Drought/ Heatwave Spring-Fall 2000,2000,Drought,2000-03-01,2000-11-30,"Western/Central/Southeast Drought/Heatwave. The states impacted include AZ, AL, AR, CA, CO, FL, GA, IA, KS, LA, MS, MT, NE, NM, OK, OR, SC, TN, and TX.",$7.2,140,Drought 2000,Other,Drought 2000
Western Fire Season Spring-Summer 2000,2000,Wildfires,2000-03-01,2000-08-31,"Severe wildfire season in the western states due to drought and frequent winds, with nearly 7 million acres burned.",$1.6,0,Wildfires 2000,Other,Wildfires 2000
Hurricane Floyd September 1999,1999,Hurricane,1999-09-14,1999-09-16,"Large, category 2 hurricane makes landfall in eastern NC, causing 10-20 inch rains in 2 days, with severe flooding in NC and some flooding in SC, VA, MD, PA, NY, NJ, DE, RI, CT, MA, NH, and VT.",$9.7,77,Floyd 1999,Hurricane,Floyd 1999
Eastern Drought/ Heatwave Summer 1999,1999,Drought,1999-06-01,1999-08-31,"Very dry summer and high temperatures, mainly in eastern U.S., with extensive agricultural losses. The states impacted include AL, AR, FL, GA, KY, LA, MD, MS, NC, NJ, OH, SC, TN, VA, WV and PA.",$3.7,502,Drought 1999,Other,Drought 1999
Oklahoma and Kansas Tornadoes May 1999,1999,Tornadoes,1999-05-03,1999-05-06,"Outbreak of F4-F5 tornadoes hit the states of Oklahoma and Kansas, along with Texas and Tennessee, Oklahoma City area hardest hit.",$3.0,55,Tornadoes 1999,Other,Tornadoes 1999
Central and Eastern Winter Storm Mid-January 1999,1999,Winter Storm,1999-01-13,1999-01-16,"Winter storm affecting the Central and Eastern states including IL, IN, OH, MI, WV, VA, MD, PA, NJ, NY, MA, CT, VT, NH and ME.",$1.3,0,Winter Storm 1999,Other,Winter Storm 1999 2
Central and Eastern Winter Storm January 1999,1999,Winter Storm,1999-01-01,1999-01-04,"South, Southeast, Midwest, Northeast affected by damaging winter storm",$1.5,25,Winter Storm 1999,Other,Winter Storm 1999
California Freeze December 1998,1998,Freeze,1998-12-20,1998-12-28,A severe freeze damaged fruit and vegetable crops in the Central and Southern San Joaquin Valley. Extended intervals of sub 27° F temperatures occurred over an 8-day period.,$3.8,0,Freeze 1998,Other,Freeze 1998
Texas Flooding October 1998,1998,Flooding,1998-10-16,1998-10-24,"Severe flooding in southeast Texas from 2 heavy rain events, with 10-20 inch rainfall totals",$1.4,31,Flooding 1998,Other,Flooding 1998
Hurricane Georges September 1998,1998,Hurricane,1998-09-20,1998-09-29,"Category 2 hurricane strikes Puerto Rico, Virgin Islands, Florida Keys, and Gulf coasts of Louisiana, Mississippi, Alabama, and Florida panhandle, 15-30 inch 2-day rain totals in parts of Alabama and Florida",$9.1,16,Georges 1998,Hurricane,Georges 1998
Southern Drought/ Heat Wave Summer 1998,1998,Drought,1998-06-01,1998-08-31,"Severe drought and heat wave from Texas/Oklahoma eastward to the Carolinas. The states impacted include AL, AR, FL, GA, LA, MS, NC, OK, SC, TN, TX, and VA.",$5.4,200,Drought 1998,Other,Drought 1998
Hurricane Bonnie August 1998,1998,Hurricane,1998-08-27,1998-08-29,"Category 3 hurricane strikes eastern North Carolina and Virginia, extensive agricultural damage due to winds and flooding, with 10-inch rains in 2 days in some locations.",$1.5,3,Bonnie 1998,Hurricane,Bonnie 1998
"Severe Storms, Tornadoes June 1998",1998,Severe Weather,1998-05-30,1998-06-02,"Severe storms in late May through early June hit the Midwest, North, Northeast, and Southeast",$1.7,20,Severe Weather 1998,Other,Severe Weather 1998 2
Minnesota Severe Storms/ Hail May 1998,1998,Severe Weather,1998-05-15,1998-05-15,Very damaging severe thunderstorms with large hail over wide areas of Minnesota,$2.5,1,Severe Weather 1998,Other,Severe Weather 1998
Western/ Eastern Severe Weather and Flooding Winter-Spring 1998,1998,Winter Storm,1997-12-01,1998-02-28,"Tornadoes and flooding cause damage across the West and Southeast. The states impacted include CA, TX, FL, AL, GA, LA, MS, NC and SC.",$1.5,132,Winter Storm 1998,Other,Winter Storm 1998 2
Northeast Ice Storm January 1998,1998,Winter Storm,1998-01-05,1998-01-09,"Intense ice storm hits Maine, New Hampshire, Vermont, and New York, with extensive forestry losses",$2.1,16,Winter Storm 1998,Other,Winter Storm 1998
Northern Plains Flooding Spring 1997,1997,Flooding,1997-02-03,1997-05-24,"Severe flooding in North Dakota, South Dakota and Minnesota due to heavy spring snow melt. This flooding caused widespread damage to agriculture, infrastructure, homes and businesses.",$5.7,11,Flooding 1997,Other,Flooding 1997
Mississippi and Ohio Valley Severe Weather and Flooding March 1997,1997,Flooding,1997-02-28,1997-03-05,"Tornadoes and severe flooding hit the states of AR, MO, MS, TN, IL, IN, KY, OH, and WV, with over 10 inches of rain in 24 hours in Louisville.",$1.5,67,Flooding 1997,Other,Flooding 1997 3
West Coast Flooding December 1996-January 1997,1997,Flooding,1997-01-01,1997-01-11,"Torrential rains (10-40 inches in 2 weeks) and snowmelt produce severe flooding over portions of CA, WA, OR, ID, NV, and MT.",$4.6,36,Flooding 1997,Other,Flooding 1997 2
Hurricane Fran September 1996,1996,Hurricane,1996-09-05,1996-09-08,"Category 3 hurricane strikes North Carolina and Virginia, over 10-inch 24-hour rains in some locations and extensive agricultural and other losses.",$8.0,37,Fran 1996,Hurricane,Fran 1996
Southern Plains Drought Spring-Summer 1996,1996,Drought,1996-03-01,1996-08-31,Severe drought in agricultural regions of southern plains--Texas and Oklahoma most severely affected,$2.8,0,Drought 1996,Other,Drought 1996
Pacific Northwest Severe Flooding February 1996,1996,Flooding,1996-02-07,1996-02-12,"Very heavy, persistent rains (10-30 inches) and melting snow over OR, WA, ID, and western MT.",$1.6,9,Flooding 1996,Other,Flooding 1996 2
Blizzard/ Floods January 1996,1996,Flooding,1996-01-01,1996-01-31,"Very heavy snowstorm (1-4 feet) over Appalachians, Mid-Atlantic, and Northeast; followed by severe flooding in parts of same area due to rain and snowmelt.",$4.8,187,Flooding 1996,Other,Flooding 1996
Hurricane Opal October 1995,1995,Hurricane,1995-10-04,1995-10-06,"Category 3 hurricane strikes Florida panhandle, Alabama, western Georgia, eastern Tennessee, and the western Carolinas, causing storm surge, wind, and flooding damage.",$7.6,27,Opal 1995,Hurricane,Opal 1995
Hurricane Marilyn September 1995,1995,Hurricane,1995-09-15,1995-09-17,Category 2 hurricane impacts the U.S. Virgin Islands and Puerto Rico with maximum sustained winds of 110 mph.,$3.4,13,Marilyn 1995,Hurricane,Marilyn 1995
South Plains Severe Weather May 1995,1995,Severe Weather,1995-05-05,1995-05-07,"Torrential rains, hail, and tornadoes across Texas-Oklahoma and southeast Louisiana-southern Mississippi, with Dallas and New Orleans areas (10-25 inch rains in 5 days) hardest hit.",$8.9,32,Severe Weather 1995,Other,Severe Weather 1995
California Flooding January-March 1995,1995,Flooding,1995-01-01,1995-03-31,Frequent winter storms cause 20-70 inch rainfall and periodic flooding across much of California,$4.1,27,Flooding 1995,Other,Flooding 1995
Western Fire Season Summer-Fall 1994,1994,Wildfires,1994-06-01,1994-11-30,"Severe wildfire season in the western states due to dry weather conditions. The states most impacted include CA, AZ, OR, WA, CO, UT, NV, NM and TX.",$1.2,0,Wildfires 1994,Other,Wildfires 1994
Texas Flooding October 1994,1994,Flooding,1994-10-16,1994-10-25,Torrential rain (10-25 inches in 5 days) and thunderstorms cause flooding across much of southeast Texas,$1.7,19,Flooding 1994,Other,Flooding 1994
Tropical Storm Alberto July 1994,1994,Tropical Storm,1994-07-07,1994-07-10,"Remnants of slow-moving Alberto bring torrential 10-25 inch rains in 3 days, widespread flooding and agricultural damage in parts of Georgia, Alabama, and panhandle of Florida.",$1.7,32,Tropical Storm 1994,Other,Tropical Storm 1994
Midwest/ Plains Tornadoes April 1994,1994,Tornadoes,1994-04-25,1994-04-27,"Tornadoes and severe storms cause damage in states across the South, Southeast and Midwest. The states impacted include TX, OK, AR, CO, KS, NE, IA, SD, IL, IN, MN and MO.",$1.7,3,Tornadoes 1994,Other,Tornadoes 1994
Southeast Ice Storm February 1994,1994,Winter Storm,1994-02-08,1994-02-13,"Intense ice storm with extensive damage in portions of TX, OK, AR, LA, MS, AL, TN, GA, SC, NC, and VA.",$5.0,9,Winter Storm 1994,Other,Winter Storm 1994
"Winter Storm, Cold Wave January 1994",1994,Winter Storm,1994-01-17,1994-01-20,"Winter storm affects the Southeast and Northeast regions. The states impacted include CT, DE, IL, IN, KY, MA, MD, ME, NC, NH, NJ, NY, OH, PA, RI, SC, TN, VA, VT and WV.",$1.7,70,Winter Storm 1994,Other,Winter Storm 1994 2
California Wildfires Fall 1993,1993,Wildfires,1993-09-01,1993-11-30,"Dry weather, high winds and wildfires in Southern California",$2.4,4,Wildfires 1993,Other,Wildfires 1993
Southeast Drought/ Heat Wave Summer 1993,1993,Drought,1993-06-01,1993-08-31,"Drought and heat wave across Southeastern U.S. The states most impacted include AL, FL, GA, MD, NC, SC, TN, and VA.",$2.2,16,Drought 1993,Other,Drought 1993
Midwest Flooding Summer 1993,1993,Flooding,1993-06-27,1993-08-15,"Severe, widespread flooding in central U.S. due to persistent heavy rains and thunderstorms. There was extensive damage to agriculture, infrastructure, homes and businesses in many areas across several states. Many river stations also established new records for historical flood heights. This is the most costly non-tropical, inland flood event to affect the United States on record.",$36.1,48,Flooding 1993,Other,Flooding 1993
East Coast Blizzard and Severe Weather March 1993,1993,Winter Storm,1993-03-11,1993-03-14,"The ""Storm of the Century"" impacts the entire Eastern seaboard from Florida to Maine. This historic storm dumped 2-4 feet of snow and caused hurricane force winds across many Eastern and Northeastern states. This caused power outages to over 10 million households. Additional impacts included numerous tornadoes across Florida causing substantial damage. This is the most destructive and costly winter storm to affect the United States since at least 1980.",$9.5,270,Winter Storm 1993,Other,Winter Storm 1993
Northeast Winter Storm December 1992,1992,Winter Storm,1992-12-10,1992-12-13,"Slow-moving winter storm batters northeast U.S. coast, with the New England region hardest hit. The states impacted include VA, MD, DE, PA, NJ, NY, CT, RI, MA and WV.",$4.4,19,Winter Storm 1992,Other,Winter Storm 1992
Hurricane Iniki September 1992,1992,Hurricane,1992-09-11,1992-09-12,Category 4 hurricane causes severe damage to the Hawaiian island of Kauai. Hurricane Iniki is the costliest and deadliest hurricane to affect Hawaii since 1900.,$5.5,7,Iniki 1992,Hurricane,Iniki 1992
Hurricane Andrew August 1992,1992,Hurricane,1992-08-23,1992-08-27,"Category 5 hurricane hits Florida and later impacts Louisiana as a category 3. High winds damage or destroy over 125,000 homes and leave at least 160,000 people homeless in Dade County, Florida alone. Initially rated as a category 4, Andrew was later upgraded to a category 5 upon further analysis. Andrew joins Hurricane Camille (1969) and the Labor Day Hurricane (1935), as the only land falling category 5 hurricanes on record to affect the U.S. mainland. Adjusted to present-day dollars, Andrew is the 3rd most costly hurricane to impact the U.S. since 1980, after Katrina (2005) and Sandy (2012).",$47.8,61,Andrew 1992,Hurricane,Andrew 1992
"Severe Storms, Hail June 1992",1992,Severe Weather,1992-06-19,1992-06-20,Severe storms with hail hit Kansas and Oklahoma,$1.3,0,Severe Weather 1992,Other,Severe Weather 1992 2
"Hail, Tornadoes April 1992",1992,Hail Storm,1992-04-28,1992-04-29,Severe Storms hit Oklahoma and Texas with tornadoes and hail,$1.7,0,Hail Storm 1992,Other,Hail Storm 1992
Severe Storms March 1992,1992,Severe Weather,1992-03-24,1992-03-25,"Severe storms affect the South, Southeast. The states most impacted include Texas, Louisiana and Florida.",$1.4,0,Severe Weather 1992,Other,Severe Weather 1992
Oakland Firestorm October 1991,1991,Wildfires,1991-10-01,1991-10-31,"Oakland, California firestorm due to low humidity and high winds burned over 3,000 homes. This is the costliest urban wildfire to affect the United States since 1980.",$6.0,25,Wildfires 1991,Other,Wildfires 1991
U.S. Drought Spring-Summer 1991,1991,Drought,1991-03-01,1991-08-31,"Drought conditions over parts of the West, Central and eastern U.S. most affected the states IL, IN, KS, MN, OH, OR, PA, SD, and WA.",$5.5,0,Drought 1991,Other,Drought 1991
Hurricane Bob August 1991,1991,Hurricane,1991-08-18,1991-08-20,Category 2 hurricane brushes the Outer Banks of North Carolina before making landfall in Rhode Island. Its impacts were felt from North Carolina to Long Island and into New England.,$2.7,18,Bob 1991,Hurricane,Bob 1991
"Severe Storms, Tornadoes March 1991",1991,Severe Weather,1991-03-26,1991-03-29,"Severe storms hit the Midwest, Southeast, Northeast. The states impacted include KS, IL, MI, IN, MS, TN, KY, OH, AL, PA, NY, GA, SC and NC.",$1.2,0,Severe Weather 1991,Other,Severe Weather 1991
California Freeze December 1990,1990,Freeze,1990-12-18,1990-12-25,"Severe freeze in the Central and Southern San Joaquin Valley caused the loss of citrus, avocado trees, and other crops in many areas. Several days of subfreezing temperatures occurred, with some valley locations in the teens.",$6.5,0,Freeze 1990,Other,Freeze 1990
Colorado Hail Storm July 1990,1990,Hail Storm,1990-07-11,1990-07-11,"Denver, CO (including airport) hit by severe hail storm. This was the costliest hail storm on record for Colorado when it occurred.",$1.6,0,Hail Storm 1990,Other,Hail Storm 1990
Southern Flooding May 1990,1990,Flooding,1990-05-11,1990-05-19,"Torrential rains cause flooding along the Trinity, Red, and Arkansas Rivers in TX, OK, LA, and AR",$1.9,13,Flooding 1990,Other,Flooding 1990
"Winter Storm, Cold Wave December 1989",1989,Winter Storm,1989-12-21,1989-12-26,"Winter storm and deep cold impacts the Northeast, South and Southeast. The states impacted include AL, AR, CT, FL, GA, IL, IN, KY, LA, ME, MO, MS, NC, NH, NY, OH, OK, PA, SC, TN, TX, VA, VT and WV.",$1.4,100,Winter Storm 1989,Other,Winter Storm 1989
Florida Freeze December 1989,1989,Freeze,1989-12-23,1989-12-25,Severe freeze damages citrus crops across central/northern Florida.,$4.0,10,Freeze 1989,Other,Freeze 1989
Northern Plains Drought Summer-Fall 1989,1989,Drought,1989-06-01,1989-11-30,"Severe summer drought over much of the northern plains with significant losses to agriculture. The states impacted include CO, IA, IL, KS, MO, ND, NE, NV, SD, TX and UT.",$6.1,0,Drought 1989,Other,Drought 1989
Hurricane Hugo September 1989,1989,Hurricane,1989-09-21,1989-09-22,Category 4 hurricane devastates South and North Carolina with ~20 foot storm surge and severe wind damage after hitting Puerto Rico and the U.S. Virgin Islands,$18.2,86,Hugo 1989,Hurricane,Hugo 1989
Severe Storms May 1989,1989,Severe Weather,1989-05-01,1989-05-06,"Severe storms cause damage in states across the South and Southeast. The states impacted include OK, TX, LA, MS, GA, SC, NC and VA.",$1.1,21,Severe Weather 1989,Other,Severe Weather 1989
U.S. Drought/ Heatwave Summer 1988,1988,Drought,1988-06-01,1988-08-31,"1988 drought across a large portion of the U.S. with very severe losses to agriculture and related industries. Combined direct and indirect deaths (i.e., excess mortality) due to heat stress estimated at 5,000.",$42.4,454,Drought 1988,Other,Drought 1988
Southeast Drought/ Heatwave Summer 1986,1986,Drought,1986-06-01,1986-08-31,"Severe summer drought in parts of the southeastern U.S. with severe losses to agriculture. The states impacted include AL, AR, GA, LA, MS, NC, SC, TN and VA.",$4.0,100,Drought 1986,Other,Drought 1986
Western Severe Storms and Flooding February 1986,1986,Flooding,1986-02-14,1986-02-16,"Severe storms and flooding affect the states CA, CO, NV, OR, WY across the West.",$1.2,13,Flooding 1986,Other,Flooding 1986
Hurricane Juan October 1985,1985,Hurricane,1985-10-27,1985-10-31,"Category 1 hurricane makes landfall near Morgan City, Louisiana. Hurricane Juan's slow movement causes severe flooding in Louisiana, Mississippi, Alabama and Florida. Southern Louisiana was most severely affected due to widespread rainfall of 10-15 inches that caused substantial flooding.",$3.5,63,Juan 1985,Hurricane,Juan 1985
Hurricane Gloria September 1985,1985,Hurricane,1985-09-26,1985-09-28,"Category 2 hurricane makes several landfalls along the eastern seaboard, affecting states from North Carolina to Maine.",$2.0,11,Gloria 1985,Hurricane,Gloria 1985
Hurricane Elena September 1985,1985,Hurricane,1985-08-30,1985-09-03,"Category 3 hurricane approaches the Florida Panhandle prior to landfall near Biloxi, Mississippi. Considerable wind and rain impacts were felt from Florida to Louisiana.",$3.0,4,Elena 1985,Hurricane,Elena 1985
Florida Freeze January 1985,1985,Freeze,1985-01-20,1985-01-22,Severe freeze over central/northern Florida damages citrus crops.,$2.8,0,Freeze 1985,Other,Freeze 1985
"Winter Storm, Cold Wave January 1985",1985,Winter Storm,1985-01-19,1985-01-22,"Extreme cold and winter storms in the Southeast, South, Southwest, Northeast, Midwest, and North",$1.9,150,Winter Storm 1985,Other,Winter Storm 1985
Severe Storms and Hail June 1984,1984,Severe Weather,1984-06-13,1984-06-17,"Severe storms and hail impact Colorado, South Dakota and Nebraska.",$1.1,1,Severe Weather 1984,Other,Severe Weather 1984
"Tornadoes, Severe Storms, Floods Spring 1984",1984,Flooding,1984-03-27,1984-04-07,"States in the Southeast and Northeast regions are impacted by tornadoes, severe storms, and flooding. The states impacted include GA, FL, SC, NC, VA, MD, DE, NJ, NY, PA, CT, MA and RI.",$1.4,80,Flooding 1984,Other,Flooding 1984
"Freeze, Cold Wave December 1983",1983,Freeze,1983-12-15,1983-12-25,Severe freeze damages citrus crops across central/northern Florida. Associated cold wave over much of the U.S. causes over 100 deaths and additional damages.,$5.0,151,Freeze 1983,Other,Freeze 1983
Southeast Drought Summer 1983,1983,Drought,1983-06-01,1983-08-31,"1983 flash drought in the southeastern U.S. with losses to agriculture, most notably corn and soybeans. The states impacted include AL, AR, GA, KY, LA, MO, MS, NC, SC, TN and VA.",$7.4,0,Drought 1983,Other,Drought 1983
Hurricane Alicia August 1983,1983,Hurricane,1983-08-17,1983-08-20,"Category 3 hurricane makes landfall near Galveston, Texas with maximum sustained winds 115 mph. Hurricane Alicia was the first hurricane to hit the United States mainland since Hurricane Allen in August 1980.",$7.5,21,Alicia 1983,Hurricane,Alicia 1983
Western Storms & Flooding December 1982-March 1983,1983,Flooding,1982-12-13,1983-03-31,"Severe storms and flooding, especially in the states of WA, OR, CA, AZ, NV, ID, UT, and MT",$3.7,50,Flooding 1983,Other,Flooding 1983 2
Gulf States Storms and Flooding December 1982-January 1983,1983,Flooding,1982-12-01,1983-01-15,"Severe storms and flooding, especially in the states of TX, AR, LA, MS, AL, GA, and FL",$3.8,45,Flooding 1983,Other,Flooding 1983
Severe storms June 1982,1982,Severe Weather,1982-05-31,1982-06-10,"Severe storms cause damage across the South, Southeast and Central regions. The states impacted include AR, IL, KY, IN, SC, GA and OH.",$1.2,30,Severe Weather 1982,Other,Severe Weather 1982
Midwest/ Plains/ Southeast Tornadoes April 1982,1982,Tornadoes,1982-04-02,1982-04-04,"Tornadoes and severe weather affect the states (AL, AR, CO, IA, IL, IN, KS, KY, LA, MI, MN, MO, MS, NE, OH, OK, PA, TN, TX, WI, WV) across the Midwest, Plains and Southeast.",$1.3,33,Tornadoes 1982,Other,Tornadoes 1982
"Midwest/ Southeast/ Northeast Winter Storm, Cold Wave January 1982",1982,Winter Storm,1982-01-08,1982-01-16,"Winter storm and coldwave affect numerous states (AL, AR, CT, DE, FL, GA, IA, IL, IN, KS, KY, LA, MA, MD, ME, MI, MN, MO, MS, NC, ND, NH, NJ, NY, OH, OK, PA, RI, SC, TN, TX, VA, VT, WI, WV) across the Midwest, Southeast and Northeast.",$1.7,85,Winter Storm 1982,Other,Winter Storm 1982
"Severe Storms, Flash Floods, Hail, Tornadoes May 1981",1981,Flooding,1981-05-05,1981-05-10,"Severe storms cause damage across the Midwest and South. The states most impacted include TX, OK, KS, AL and LA.",$1.1,20,Flooding 1981,Other,Flooding 1981
Central/ Eastern Drought/ Heatwave Summer-Fall 1980,1980,Drought,1980-06-01,1980-11-30,"Central and eastern U.S. drought/heat wave caused damage to agriculture and other related industries. Combined direct and indirect deaths (i.e., excess mortality) due to heat stress estimated at 10,000.",$31.6,1260,Drought 1980,Other,Drought 1980
Hurricane Allen August 1980,1980,Hurricane,1980-08-07,1980-08-11,"Category 3 hurricane makes landfall north of Brownsville, Texas with maximum sustained winds of 115 mph. Hurricane Allen causes rainfall up to 20 inches in southern Texas and storm surge as high as 12 feet along the coast.",$1.9,13,Allen 1980,Hurricane,Allen 1980
Southern Severe Storms and Flooding April 1980,1980,Flooding,1980-04-10,1980-04-17,"Severe storms and flooding affect several states (AR, LA, MS) across the South.",$2.2,7,Flooding 1980,Other,Flooding 1980
