rgb,dose,CD,day,response,proportion secreting
#00549e,Low dose,CD4,0,IFNγ,0.0010097066
#00549e,Low dose,CD8,0,IFNγ,0.0070362602
#00549e,Low dose,CD8,0,IFNγ,0.0050169673
#00549e,Low dose,CD8,0,IFNγ,0.0010039757
#00549e,Low dose,CD4,0,IFNγ,0.0050298634
#00549e,Low dose,CD4,0,IFNγ,0.0070495835
#00549e,Low dose,CD4,0,IFNγ,0.0010097066
#00549e,Low dose,CD4,0,IFNγ,0.0010097066
#00549e,Low dose,CD8,0,IFNγ,0.0010039757
#00549e,Low dose,CD4,0,IFNγ,0.0020180512
#00549e,Low dose,CD8,0,IFNγ,0.0010039757
#00549e,Low dose,CD4,0,IFNγ,0.0010097066
#00549e,Low dose,CD8,0,IFNγ,0.0010039757
#00549e,Low dose,CD4,0,IFNγ,0.0010097066
#00549e,Low dose,CD4,0,IFNγ,0.0090610516
#00549e,Low dose,CD4,0,IFNγ,0.0020180512
#00549e,Low dose,CD8,0,IFNγ,0.0100849073
#00549e,Low dose,CD8,0,IFNγ,0.0030075867
#00549e,Low dose,CD8,0,IFNγ,0.0010039757
#00549e,Low dose,CD4,0,IFNγ,0.0070495835
#00549e,Low dose,CD4,0,IFNγ,0.0010097066
#00549e,Low dose,CD8,0,IFNγ,0.0010039757
#00549e,Low dose,CD8,0,IFNγ,0.0060192221
#00549e,Low dose,CD8,0,IFNγ,0.0040216091
#00549e,Low dose,CD4,0,IFNγ,0.0020180512
#00549e,Low dose,CD4,0,IFNγ,0.0010097066
#00549e,Low dose,CD8,0,IFNγ,0.0010039757
#00549e,Low dose,CD8,0,IFNγ,0.0010039757
#00549e,Low dose,CD4,0,IFNγ,0.0010097066
#00549e,Low dose,CD4,0,IFNγ,0.0060324485
#00549e,Low dose,CD4,0,IFNγ,0.0040333802
#00549e,Low dose,CD8,0,IFNγ,0.0010039757
#00549e,Low dose,CD8,0,IFNγ,0.0140827756
#00549e,Low dose,CD8,0,IFNγ,0.0020094148
#00549e,Low dose,CD4,0,IFNγ,0.0010097066
#00549e,Low dose,CD8,0,IFNγ,0.0010039757
#00549e,Low dose,CD4,0,IFNγ,0.0020180512
#00549e,Low dose,CD4,0,IFNγ,0.0010097066
#00549e,Low dose,CD8,0,IFNγ,0.0010039757
#00549e,Low dose,CD8,0,IFNγ,0.0010039757
#00549e,Low dose,CD4,0,IFNγ,0.0010097066
#00549e,Low dose,CD8,0,IFNγ,0.0060192221
#00549e,Low dose,CD8,0,IFNγ,0.0040216091
#00549e,Low dose,CD4,0,IFNγ,0.0070495835
#00549e,Low dose,CD8,0,IFNγ,0.0010039757
#00549e,Low dose,CD4,0,IFNγ,0.0100966615
#00549e,Low dose,CD4,0,IFNγ,0.0020180512
#00549e,Low dose,CD4,0,IFNγ,0.0010097066
#00549e,Low dose,CD8,0,IFNγ,0.0090484295
#00549e,Low dose,CD8,0,IFNγ,0.0030075867
#00549e,Low dose,CD8,0,IFNγ,0.0010039757
#00549e,Low dose,CD4,0,IFNγ,0.0020180512
#00549e,Low dose,CD4,0,IFNγ,0.0010097066
#00549e,Low dose,CD8,0,IFNγ,0.0010039757
#00549e,Low dose,CD8,0,IFNγ,0.0010039757
#00549e,Low dose,CD8,0,IFNγ,0.0010039757
#00549e,Low dose,CD4,0,IFNγ,0.0010097066
#00549e,Low dose,CD4,0,IFNγ,0.0070495835
#00549e,Low dose,CD4,0,IFNγ,0.0040333802
#00549e,Low dose,CD8,0,IFNγ,0.0010039757
#00549e,Low dose,CD4,0,IFNγ,0.0010097066
#00549e,Low dose,CD8,0,IFNγ,0.0070362602
#00549e,Low dose,CD8,0,IFNγ,0.0040216091
#ef3124,High dose,CD8,0,IFNγ,0.0010040037
#ef3124,High dose,CD4,0,IFNγ,0.0050297703
#ef3124,High dose,CD4,0,IFNγ,0.0030180924
#ef3124,High dose,CD4,0,IFNγ,0.0020180512
#ef3124,High dose,CD4,0,IFNγ,0.0010097066
#ef3124,High dose,CD8,0,IFNγ,0.0020093589
#ef3124,High dose,CD4,0,IFNγ,0.0010097066
#ef3124,High dose,CD8,0,IFNγ,0.0090484295
#ef3124,High dose,CD8,0,IFNγ,0.0010040037
#ef3124,High dose,CD4,0,IFNγ,0.0010097066
#ef3124,High dose,CD8,0,IFNγ,0.0010040037
#ef3124,High dose,CD4,0,IFNγ,0.0010097066
#ef3124,High dose,CD8,0,IFNγ,0.0010040037
#ef3124,High dose,CD4,0,IFNγ,0.0010097066
#ef3124,High dose,CD8,0,IFNγ,0.0040216091
#ef3124,High dose,CD4,0,IFNγ,0.0010097066
#ef3124,High dose,CD8,0,IFNγ,0.0010040037
#ef3124,High dose,CD4,0,IFNγ,0.0040333802
#ef3124,High dose,CD4,0,IFNγ,0.0030180924
#ef3124,High dose,CD4,0,IFNγ,0.0020180512
#ef3124,High dose,CD8,0,IFNγ,0.0010040037
#ef3124,High dose,CD4,0,IFNγ,0.0010097066
#ef3124,High dose,CD8,0,IFNγ,0.0020093589
#ef3124,High dose,CD8,0,IFNγ,0.0010040037
#ef3124,High dose,CD4,0,IFNγ,0.0010097066
#ef3124,High dose,CD8,0,IFNγ,0.0010040037
#ef3124,High dose,CD4,0,IFNγ,0.0010097066
#ef3124,High dose,CD4,0,IFNγ,0.0272039962
#ef3124,High dose,CD4,0,IFNγ,0.0060325601
#ef3124,High dose,CD4,0,IFNγ,0.0010097066
#ef3124,High dose,CD8,0,IFNγ,0.0110945516
#ef3124,High dose,CD8,0,IFNγ,0.0080486318
#ef3124,High dose,CD8,0,IFNγ,0.0030075867
#ef3124,High dose,CD8,0,IFNγ,0.0010040037
#ef3124,High dose,CD8,0,IFNγ,0.0010040037
#ef3124,High dose,CD4,0,IFNγ,0.0010097066
#ef3124,High dose,CD4,0,IFNγ,0.0010097066
#ef3124,High dose,CD8,0,IFNγ,0.0010040037
#ef3124,High dose,CD4,0,IFNγ,0.0010097066
#ef3124,High dose,CD4,0,IFNγ,0.0040333802
#ef3124,High dose,CD4,0,IFNγ,0.0030180924
#ef3124,High dose,CD4,0,IFNγ,0.0020180512
#ef3124,High dose,CD8,0,IFNγ,0.0010040037
#ef3124,High dose,CD8,0,IFNγ,0.0020093589
#ef3124,High dose,CD8,0,IFNγ,0.0010040037
#ef3124,High dose,CD4,0,IFNγ,0.0010097066
#ef3124,High dose,CD4,0,IFNγ,0.0010097066
#ef3124,High dose,CD8,0,IFNγ,0.0040216091
#ef3124,High dose,CD8,0,IFNγ,0.0010040037
#ef3124,High dose,CD8,0,IFNγ,0.0010040037
#ef3124,High dose,CD4,0,IFNγ,0.0010097066
#ef3124,High dose,CD8,0,IFNγ,0.0010040037
#ef3124,High dose,CD4,0,IFNγ,0.0010097066
#ef3124,High dose,CD8,0,IFNγ,0.0010040037
#ef3124,High dose,CD8,0,IFNγ,0.0080486318
#ef3124,High dose,CD4,0,IFNγ,0.0010097066
#ef3124,High dose,CD4,0,IFNγ,0.0040333802
#ef3124,High dose,CD4,0,IFNγ,0.0030180924
#ef3124,High dose,CD4,0,IFNγ,0.0020180512
#ef3124,High dose,CD8,0,IFNγ,0.0020093589
#00549e,Low dose,CD4,14,IFNγ,0.0946165908
#00549e,Low dose,CD4,14,IFNγ,0.4964591875
#00549e,Low dose,CD8,14,IFNγ,0.0576461271
#00549e,Low dose,CD4,14,IFNγ,0.6721435045
#00549e,Low dose,CD4,14,IFNγ,0.3192756077
#00549e,Low dose,CD4,14,IFNγ,0.0845456972
#00549e,Low dose,CD4,14,IFNγ,0.2639143908
#00549e,Low dose,CD4,14,IFNγ,0.1484056199
#00549e,Low dose,CD8,14,IFNγ,0.6594632051
#00549e,Low dose,CD8,14,IFNγ,0.116379635
#00549e,Low dose,CD8,14,IFNγ,0.0604606695
#00549e,Low dose,CD8,14,IFNγ,0.0231886074
#00549e,Low dose,CD4,14,IFNγ,0.9099980463
#00549e,Low dose,CD4,14,IFNγ,0.0483741428
#00549e,Low dose,CD4,14,IFNγ,0.0352696405
#00549e,Low dose,CD4,14,IFNγ,0.0191584115
#00549e,Low dose,CD8,14,IFNγ,0.4846986301
#00549e,Low dose,CD8,14,IFNγ,0.2135609511
#00549e,Low dose,CD8,14,IFNγ,0.1252810631
#00549e,Low dose,CD8,14,IFNγ,0.0281855538
#00549e,Low dose,CD8,14,IFNγ,0.0100849073
#00549e,Low dose,CD8,14,IFNγ,0.0040216091
#00549e,Low dose,CD4,14,IFNγ,0.2441271596
#00549e,Low dose,CD4,14,IFNγ,0.1269920375
#00549e,Low dose,CD4,14,IFNγ,0.4360109323
#00549e,Low dose,CD8,14,IFNγ,0.0464084303
#00549e,Low dose,CD4,14,IFNγ,0.6137411675
#00549e,Low dose,CD4,14,IFNγ,0.3017990033
#00549e,Low dose,CD4,14,IFNγ,0.2229150278
#00549e,Low dose,CD4,14,IFNγ,0.1741842298
#00549e,Low dose,CD4,14,IFNγ,0.1259016273
#00549e,Low dose,CD4,14,IFNγ,0.0946165908
#00549e,Low dose,CD4,14,IFNγ,0.0695838143
#00549e,Low dose,CD4,14,IFNγ,0.0261641848
#00549e,Low dose,CD8,14,IFNγ,0.6397595555
#00549e,Low dose,CD8,14,IFNγ,0.3640679262
#00549e,Low dose,CD8,14,IFNγ,0.0940961599
#00549e,Low dose,CD8,14,IFNγ,0.0596799146
#00549e,Low dose,CD8,14,IFNγ,0.0362458165
#00549e,Low dose,CD8,14,IFNγ,0.0222040382
#00549e,Low dose,CD8,14,IFNγ,0.0150945607
#00549e,Low dose,CD8,14,IFNγ,0.0020094148
#00549e,Low dose,CD8,14,IFNγ,0.0010039757
#00549e,Low dose,CD4,14,IFNγ,0.4652500699
#00549e,Low dose,CD8,14,IFNγ,0.0566553734
#00549e,Low dose,CD4,14,IFNγ,0.2268160826
#00549e,Low dose,CD4,14,IFNγ,0.1269920375
#00549e,Low dose,CD4,14,IFNγ,0.96264976
#00549e,Low dose,CD4,14,IFNγ,0.0423017714
#00549e,Low dose,CD4,14,IFNγ,0.02420362
#00549e,Low dose,CD8,14,IFNγ,0.5690699311
#00549e,Low dose,CD8,14,IFNγ,0.2562294191
#00549e,Low dose,CD8,14,IFNγ,0.1252810631
#00549e,Low dose,CD8,14,IFNγ,0.0281855538
#00549e,Low dose,CD8,14,IFNγ,0.0080486318
#00549e,Low dose,CD8,14,IFNγ,0.0050169673
#00549e,Low dose,CD4,14,IFNγ,0.2605032845
#00549e,Low dose,CD4,14,IFNγ,0.1452283196
#00549e,Low dose,CD4,14,IFNγ,0.7172310973
#00549e,Low dose,CD4,14,IFNγ,0.3511616073
#00549e,Low dose,CD4,14,IFNγ,0.0996622311
#00549e,Low dose,CD4,14,IFNγ,0.0695838143
#00549e,Low dose,CD8,14,IFNγ,0.7543742324
#00549e,Low dose,CD8,14,IFNγ,0.1071726345
#00549e,Low dose,CD8,14,IFNγ,0.0697637339
#00549e,Low dose,CD8,14,IFNγ,0.0272245345
#00549e,Low dose,CD4,14,IFNγ,0.5007820941
#00549e,Low dose,CD4,14,IFNγ,0.0453331793
#00549e,Low dose,CD8,14,IFNγ,0.0586542065
#ef3124,High dose,CD4,14,IFNγ,0.441707926
#ef3124,High dose,CD4,14,IFNγ,0.6663536839
#ef3124,High dose,CD4,14,IFNγ,0.3998612095
#ef3124,High dose,CD4,14,IFNγ,0.1458572109
#ef3124,High dose,CD8,14,IFNγ,0.3047611085
#ef3124,High dose,CD8,14,IFNγ,0.1496608837
#ef3124,High dose,CD8,14,IFNγ,0.1124136199
#ef3124,High dose,CD8,14,IFNγ,0.0474261893
#ef3124,High dose,CD4,14,IFNγ,0.7957519181
#ef3124,High dose,CD4,14,IFNγ,0.292793589
#ef3124,High dose,CD4,14,IFNγ,0.188297152
#ef3124,High dose,CD8,14,IFNγ,0.2054015304
#ef3124,High dose,CD8,14,IFNγ,0.0554395574
#ef3124,High dose,CD8,14,IFNγ,0.0836998701
#ef3124,High dose,CD4,14,IFNγ,0.0946183417
#ef3124,High dose,CD4,14,IFNγ,0.0704930083
#ef3124,High dose,CD8,14,IFNγ,0.0342592994
#ef3124,High dose,CD8,14,IFNγ,0.0191608639
#ef3124,High dose,CD4,14,IFNγ,0.7392908809
#ef3124,High dose,CD4,14,IFNγ,0.263909507
#ef3124,High dose,CD4,14,IFNγ,0.1604313672
#ef3124,High dose,CD8,14,IFNγ,0.0819074797
#ef3124,High dose,CD8,14,IFNγ,0.2540297662
#ef3124,High dose,CD8,14,IFNγ,0.1241940484
#ef3124,High dose,CD8,14,IFNγ,0.1012988457
#ef3124,High dose,CD8,14,IFNγ,0.0403946997
#ef3124,High dose,CD4,14,IFNγ,0.9922670346
#ef3124,High dose,CD4,14,IFNγ,0.6988556848
#ef3124,High dose,CD4,14,IFNγ,0.5460556377
#ef3124,High dose,CD4,14,IFNγ,0.4157408659
#ef3124,High dose,CD4,14,IFNγ,0.3248419504
#ef3124,High dose,CD4,14,IFNγ,0.249463549
#ef3124,High dose,CD4,14,IFNγ,0.1549745816
#ef3124,High dose,CD4,14,IFNγ,0.1221448345
#ef3124,High dose,CD4,14,IFNγ,0.0463262629
#ef3124,High dose,CD4,14,IFNγ,0.0361973403
#ef3124,High dose,CD4,14,IFNγ,0.0261637007
#ef3124,High dose,CD8,14,IFNγ,0.7007357088
#ef3124,High dose,CD8,14,IFNγ,0.4601344027
#ef3124,High dose,CD8,14,IFNγ,0.1850926779
#ef3124,High dose,CD8,14,IFNγ,0.0706750986
#ef3124,High dose,CD8,14,IFNγ,0.0524010928
#ef3124,High dose,CD8,14,IFNγ,0.0231886074
#ef3124,High dose,CD8,14,IFNγ,0.0090484295
#ef3124,High dose,CD8,14,IFNγ,0.2806509134
#ef3124,High dose,CD8,14,IFNγ,0.1325454549
#ef3124,High dose,CD8,14,IFNγ,0.0928836386
#ef3124,High dose,CD8,14,IFNγ,0.0403946997
#ef3124,High dose,CD4,14,IFNγ,0.7392908809
#ef3124,High dose,CD4,14,IFNγ,0.2890225885
#ef3124,High dose,CD4,14,IFNγ,0.1583651103
#ef3124,High dose,CD8,14,IFNγ,0.0728571906
#ef3124,High dose,CD4,14,IFNγ,0.0988037442
#ef3124,High dose,CD4,14,IFNγ,0.0643684887
#ef3124,High dose,CD8,14,IFNγ,0.0312752469
#ef3124,High dose,CD8,14,IFNγ,0.0161095917
#ef3124,High dose,CD4,14,IFNγ,0.8752235243
#ef3124,High dose,CD4,14,IFNγ,0.3097372432
#ef3124,High dose,CD4,14,IFNγ,0.1866717124
#ef3124,High dose,CD4,14,IFNγ,0.5161941362
#ef3124,High dose,CD4,14,IFNγ,0.3682966463
#ef3124,High dose,CD4,14,IFNγ,0.1543035236
#ef3124,High dose,CD8,14,IFNγ,0.0829774853
#ef3124,High dose,CD8,14,IFNγ,0.2308950144
#ef3124,High dose,CD8,14,IFNγ,0.0615196788
#ef3124,High dose,CD8,14,IFNγ,0.3074285454
#ef3124,High dose,CD8,14,IFNγ,0.1529288402
#ef3124,High dose,CD8,14,IFNγ,0.1090468025
#ef3124,High dose,CD8,14,IFNγ,0.0495291568
#ef3124,High dose,CD4,14,IFNγ,0.5702101786
#00549e,Low dose,CD4,28,IFNγ,0.0683895595
#00549e,Low dose,CD8,28,IFNγ,0.6916996295
#00549e,Low dose,CD8,28,IFNγ,0.0544867276
#00549e,Low dose,CD8,28,IFNγ,0.0110945516
#00549e,Low dose,CD4,28,IFNγ,0.1874783339
#00549e,Low dose,CD4,28,IFNγ,0.1248136505
#00549e,Low dose,CD4,28,IFNγ,0.059545706
#00549e,Low dose,CD4,28,IFNγ,0.2605032845
#00549e,Low dose,CD8,28,IFNγ,0.2880581284
#00549e,Low dose,CD8,28,IFNγ,0.0870336592
#00549e,Low dose,CD8,28,IFNγ,0.0272245345
#00549e,Low dose,CD4,28,IFNγ,0.0958555282
#00549e,Low dose,CD4,28,IFNγ,0.1719312993
#00549e,Low dose,CD4,28,IFNγ,0.5460657428
#00549e,Low dose,CD4,28,IFNγ,0.1991973944
#00549e,Low dose,CD4,28,IFNγ,0.0988010016
#00549e,Low dose,CD8,28,IFNγ,0.6233085822
#00549e,Low dose,CD8,28,IFNγ,0.3441145294
#00549e,Low dose,CD8,28,IFNγ,0.1899707811
#00549e,Low dose,CD8,28,IFNγ,0.1408434234
#00549e,Low dose,CD8,28,IFNγ,0.1012988457
#00549e,Low dose,CD8,28,IFNγ,0.0554395574
#00549e,Low dose,CD8,28,IFNγ,0.0100849073
#00549e,Low dose,CD8,28,IFNγ,0.0010039757
#00549e,Low dose,CD4,28,IFNγ,0.2317783572
#00549e,Low dose,CD4,28,IFNγ,0.1660833642
#00549e,Low dose,CD8,28,IFNγ,0.0484662683
#00549e,Low dose,CD4,28,IFNγ,0.0898297228
#00549e,Low dose,CD4,28,IFNγ,0.1583607145
#00549e,Low dose,CD4,28,IFNγ,0.6577532021
#00549e,Low dose,CD4,28,IFNγ,0.348143156
#00549e,Low dose,CD4,28,IFNγ,0.2229150278
#00549e,Low dose,CD4,28,IFNγ,0.1139739045
#00549e,Low dose,CD4,28,IFNγ,0.0635394623
#00549e,Low dose,CD4,28,IFNγ,0.0494324707
#00549e,Low dose,CD4,28,IFNγ,0.0080619162
#00549e,Low dose,CD4,28,IFNγ,0.0010097066
#00549e,Low dose,CD8,28,IFNγ,0.2699082001
#00549e,Low dose,CD8,28,IFNγ,0.0757570058
#00549e,Low dose,CD8,28,IFNγ,0.0222040382
#00549e,Low dose,CD8,28,IFNγ,0.017116541
#00549e,Low dose,CD4,28,IFNγ,0.1632344151
#00549e,Low dose,CD4,28,IFNγ,0.0917950144
#00549e,Low dose,CD4,28,IFNγ,0.1689820363
#00549e,Low dose,CD8,28,IFNγ,0.0434851403
#00549e,Low dose,CD4,28,IFNγ,0.2368491963
#00549e,Low dose,CD4,28,IFNγ,0.4417161001
#00549e,Low dose,CD4,28,IFNγ,0.2000525871
#00549e,Low dose,CD4,28,IFNγ,0.1018426381
#00549e,Low dose,CD8,28,IFNγ,0.70379564
#00549e,Low dose,CD8,28,IFNγ,0.5061910895
#00549e,Low dose,CD8,28,IFNγ,0.3531901899
#00549e,Low dose,CD8,28,IFNγ,0.2001197725
#00549e,Low dose,CD8,28,IFNγ,0.1408434234
#00549e,Low dose,CD8,28,IFNγ,0.1021816796
#00549e,Low dose,CD8,28,IFNγ,0.068564717
#00549e,Low dose,CD8,28,IFNγ,0.0120991511
#00549e,Low dose,CD8,28,IFNγ,0.0080486318
#00549e,Low dose,CD8,28,IFNγ,0.0010039757
#00549e,Low dose,CD4,28,IFNγ,0.1779950265
#00549e,Low dose,CD4,28,IFNγ,0.0958555282
#00549e,Low dose,CD4,28,IFNγ,0.275578333
#00549e,Low dose,CD4,28,IFNγ,0.1372851193
#00549e,Low dose,CD4,28,IFNγ,0.0765366785
#00549e,Low dose,CD4,28,IFNγ,0.0513974807
#00549e,Low dose,CD4,28,IFNγ,0.1924113697
#00549e,Low dose,CD8,28,IFNγ,0.3309425654
#00549e,Low dose,CD8,28,IFNγ,0.0928810554
#00549e,Low dose,CD8,28,IFNγ,0.0251802305
#00549e,Low dose,CD8,28,IFNγ,0.05149762
#ef3124,High dose,CD4,28,IFNγ,0.0502966175
#ef3124,High dose,CD4,28,IFNγ,0.3319488317
#ef3124,High dose,CD4,28,IFNγ,0.1563167872
#ef3124,High dose,CD8,28,IFNγ,0.3114446654
#ef3124,High dose,CD8,28,IFNγ,0.0373614414
#ef3124,High dose,CD8,28,IFNγ,0.0291799559
#ef3124,High dose,CD4,28,IFNγ,0.1179848383
#ef3124,High dose,CD4,28,IFNγ,0.5161941362
#ef3124,High dose,CD4,28,IFNγ,0.2516357469
#ef3124,High dose,CD4,28,IFNγ,0.2053240828
#ef3124,High dose,CD4,28,IFNγ,0.0726624972
#ef3124,High dose,CD4,28,IFNγ,0.0413953427
#ef3124,High dose,CD8,28,IFNγ,0.217301615
#ef3124,High dose,CD8,28,IFNγ,0.5617316993
#ef3124,High dose,CD8,28,IFNγ,0.0847972213
#ef3124,High dose,CD8,28,IFNγ,0.0554395574
#ef3124,High dose,CD4,28,IFNγ,0.1110487631
#ef3124,High dose,CD8,28,IFNγ,0.1932910794
#ef3124,High dose,CD4,28,IFNγ,0.0875250519
#ef3124,High dose,CD8,28,IFNγ,0.2699082001
#ef3124,High dose,CD8,28,IFNγ,0.0191608639
#ef3124,High dose,CD4,28,IFNγ,0.315157703
#ef3124,High dose,CD4,28,IFNγ,0.1292120309
#ef3124,High dose,CD4,28,IFNγ,0.1049749988
#ef3124,High dose,CD8,28,IFNγ,0.0362458165
#ef3124,High dose,CD8,28,IFNγ,0.0251795302
#ef3124,High dose,CD8,28,IFNγ,0.1850926779
#ef3124,High dose,CD4,28,IFNγ,0.7554650619
#ef3124,High dose,CD4,28,IFNγ,0.4986090357
#ef3124,High dose,CD4,28,IFNγ,0.2327798877
#ef3124,High dose,CD4,28,IFNγ,0.1660802907
#ef3124,High dose,CD4,28,IFNγ,0.097526701
#ef3124,High dose,CD4,28,IFNγ,0.0595446041
#ef3124,High dose,CD4,28,IFNγ,0.0443638469
#ef3124,High dose,CD4,28,IFNγ,0.0331955998
#ef3124,High dose,CD8,28,IFNγ,1
#ef3124,High dose,CD8,28,IFNγ,0.5286365654
#ef3124,High dose,CD8,28,IFNγ,0.1719415351
#ef3124,High dose,CD8,28,IFNγ,0.1325454549
#ef3124,High dose,CD8,28,IFNγ,0.0829774853
#ef3124,High dose,CD8,28,IFNγ,0.0615196788
#ef3124,High dose,CD8,28,IFNγ,0.0474261893
#ef3124,High dose,CD8,28,IFNγ,0.0010040037
#ef3124,High dose,CD4,28,IFNγ,0.1018416958
#ef3124,High dose,CD4,28,IFNγ,0.3206581868
#ef3124,High dose,CD4,28,IFNγ,0.1248171151
#ef3124,High dose,CD8,28,IFNγ,0.1741877085
#ef3124,High dose,CD8,28,IFNγ,0.0332332244
#ef3124,High dose,CD8,28,IFNγ,0.0272237773
#ef3124,High dose,CD4,28,IFNγ,0.076534554
#ef3124,High dose,CD8,28,IFNγ,0.3720521099
#ef3124,High dose,CD8,28,IFNγ,0.2453615008
#ef3124,High dose,CD8,28,IFNγ,0.0161095917
#ef3124,High dose,CD4,28,IFNγ,0.1077381571
#ef3124,High dose,CD8,28,IFNγ,0.1932910794
#ef3124,High dose,CD4,28,IFNγ,0.5460556377
#ef3124,High dose,CD4,28,IFNγ,0.2673528465
#ef3124,High dose,CD4,28,IFNγ,0.1741810064
#ef3124,High dose,CD4,28,IFNγ,0.0534376359
#ef3124,High dose,CD4,28,IFNγ,0.0403336772
#ef3124,High dose,CD4,28,IFNγ,0.112016754
#ef3124,High dose,CD8,28,IFNγ,0.5994496704
#ef3124,High dose,CD8,28,IFNγ,0.0836998701
#ef3124,High dose,CD8,28,IFNγ,0.0484662683
#ef3124,High dose,CD8,28,IFNγ,0.1941261328
#ef3124,High dose,CD4,28,IFNγ,0.3619622392
#ef3124,High dose,CD4,28,IFNγ,0.1458572109
#ef3124,High dose,CD8,28,IFNγ,0.0312752469
#ef3124,High dose,CD4,28,IFNγ,0.0624483679
#ef3124,High dose,CD8,28,IFNγ,0.0362458165
#00549e,Low dose,CD8,0,TNFα,0.0029956211
#00549e,Low dose,CD4,0,TNFα,0.0069874361
#00549e,Low dose,CD8,0,TNFα,0.001
#00549e,Low dose,CD8,0,TNFα,0.001
#00549e,Low dose,CD4,0,TNFα,0.0039977859
#00549e,Low dose,CD4,0,TNFα,0.0029914026
#00549e,Low dose,CD4,0,TNFα,0.0010006664
#00549e,Low dose,CD8,0,TNFα,0.001
#00549e,Low dose,CD4,0,TNFα,0.0010006664
#00549e,Low dose,CD8,0,TNFα,0.001
#00549e,Low dose,CD4,0,TNFα,0.0010006664
#00549e,Low dose,CD8,0,TNFα,0.0020014575
#00549e,Low dose,CD8,0,TNFα,0.001
#00549e,Low dose,CD4,0,TNFα,0.0010006664
#00549e,Low dose,CD4,0,TNFα,0.0010006664
#00549e,Low dose,CD8,0,TNFα,0.001
#00549e,Low dose,CD4,0,TNFα,0.0029914026
#00549e,Low dose,CD8,0,TNFα,0.0029956211
#00549e,Low dose,CD4,0,TNFα,0.0059792679
#00549e,Low dose,CD8,0,TNFα,0.001
#00549e,Low dose,CD4,0,TNFα,0.0010006664
#00549e,Low dose,CD4,0,TNFα,0.0010006664
#00549e,Low dose,CD8,0,TNFα,0.001
#00549e,Low dose,CD8,0,TNFα,0.001
#00549e,Low dose,CD4,0,TNFα,0.0010006664
#00549e,Low dose,CD8,0,TNFα,0.0080166106
#00549e,Low dose,CD8,0,TNFα,0.0049972854
#00549e,Low dose,CD4,0,TNFα,0.0039977859
#00549e,Low dose,CD4,0,TNFα,0.0029914026
#00549e,Low dose,CD4,0,TNFα,0.002000094
#00549e,Low dose,CD4,0,TNFα,0.0010006664
#00549e,Low dose,CD8,0,TNFα,0.001
#00549e,Low dose,CD8,0,TNFα,0.001
#00549e,Low dose,CD4,0,TNFα,0.0010006664
#00549e,Low dose,CD4,0,TNFα,0.0010006664
#00549e,Low dose,CD8,0,TNFα,0.001
#00549e,Low dose,CD8,0,TNFα,0.0029956211
#00549e,Low dose,CD4,0,TNFα,0.0059792679
#00549e,Low dose,CD8,0,TNFα,0.001
#00549e,Low dose,CD4,0,TNFα,0.0010006664
#00549e,Low dose,CD4,0,TNFα,0.0029914026
#00549e,Low dose,CD4,0,TNFα,0.0010006664
#00549e,Low dose,CD8,0,TNFα,0.0020014575
#00549e,Low dose,CD8,0,TNFα,0.001
#00549e,Low dose,CD8,0,TNFα,0.001
#00549e,Low dose,CD4,0,TNFα,0.0010006664
#00549e,Low dose,CD8,0,TNFα,0.001
#00549e,Low dose,CD4,0,TNFα,0.0010006664
#00549e,Low dose,CD8,0,TNFα,0.001
#00549e,Low dose,CD4,0,TNFα,0.0029914026
#00549e,Low dose,CD4,0,TNFα,0.0010006664
#00549e,Low dose,CD4,0,TNFα,0.0049852908
#00549e,Low dose,CD8,0,TNFα,0.001
#00549e,Low dose,CD8,0,TNFα,0.0029956211
#00549e,Low dose,CD4,0,TNFα,0.0069874361
#ef3124,High dose,CD8,0,TNFα,0.0010000556
#ef3124,High dose,CD4,0,TNFα,0.0049854291
#ef3124,High dose,CD8,0,TNFα,0.0010000556
#ef3124,High dose,CD4,0,TNFα,0.0010006386
#ef3124,High dose,CD8,0,TNFα,0.0020014575
#ef3124,High dose,CD4,0,TNFα,0.0059793786
#ef3124,High dose,CD4,0,TNFα,0.0010006386
#ef3124,High dose,CD8,0,TNFα,0.0010000556
#ef3124,High dose,CD8,0,TNFα,0.0010000556
#ef3124,High dose,CD4,0,TNFα,0.0010006386
#ef3124,High dose,CD4,0,TNFα,0.0010006386
#ef3124,High dose,CD8,0,TNFα,0.0010000556
#ef3124,High dose,CD8,0,TNFα,0.0010000556
#ef3124,High dose,CD4,0,TNFα,0.0079910662
#ef3124,High dose,CD4,0,TNFα,0.0020002051
#ef3124,High dose,CD4,0,TNFα,0.0010006386
#ef3124,High dose,CD4,0,TNFα,0.0010006386
#ef3124,High dose,CD8,0,TNFα,0.0010000556
#ef3124,High dose,CD4,0,TNFα,0.0039978969
#ef3124,High dose,CD8,0,TNFα,0.0010000556
#ef3124,High dose,CD4,0,TNFα,0.0010006386
#ef3124,High dose,CD8,0,TNFα,0.0010000556
#ef3124,High dose,CD4,0,TNFα,0.0010006386
#ef3124,High dose,CD8,0,TNFα,0.0010000556
#ef3124,High dose,CD4,0,TNFα,0.0010006386
#ef3124,High dose,CD8,0,TNFα,0.0040056092
#ef3124,High dose,CD8,0,TNFα,0.0020014575
#ef3124,High dose,CD8,0,TNFα,0.0010000556
#ef3124,High dose,CD4,0,TNFα,0.0149685855
#ef3124,High dose,CD4,0,TNFα,0.0059793786
#ef3124,High dose,CD4,0,TNFα,0.0010006386
#ef3124,High dose,CD8,0,TNFα,0.0010000556
#ef3124,High dose,CD4,0,TNFα,0.0010006386
#ef3124,High dose,CD4,0,TNFα,0.0010006386
#ef3124,High dose,CD8,0,TNFα,0.0010000556
#ef3124,High dose,CD4,0,TNFα,0.0049854291
#ef3124,High dose,CD8,0,TNFα,0.0010000556
#ef3124,High dose,CD4,0,TNFα,0.0010006386
#ef3124,High dose,CD8,0,TNFα,0.0010000556
#ef3124,High dose,CD4,0,TNFα,0.0089814209
#ef3124,High dose,CD4,0,TNFα,0.0020002051
#ef3124,High dose,CD4,0,TNFα,0.0010006386
#ef3124,High dose,CD8,0,TNFα,0.0010000556
#ef3124,High dose,CD4,0,TNFα,0.0010006386
#ef3124,High dose,CD8,0,TNFα,0.0010000556
#ef3124,High dose,CD4,0,TNFα,0.0010006386
#ef3124,High dose,CD8,0,TNFα,0.0020014575
#ef3124,High dose,CD8,0,TNFα,0.0010000556
#ef3124,High dose,CD4,0,TNFα,0.0010006386
#ef3124,High dose,CD4,0,TNFα,0.0069876301
#ef3124,High dose,CD8,0,TNFα,0.0010000556
#ef3124,High dose,CD4,0,TNFα,0.0010006386
#ef3124,High dose,CD4,0,TNFα,0.0049854291
#00549e,Low dose,CD4,14,TNFα,0.0459250854
#00549e,Low dose,CD8,14,TNFα,0.001
#00549e,Low dose,CD8,14,TNFα,0.0029956211
#00549e,Low dose,CD8,14,TNFα,0.0020014575
#00549e,Low dose,CD8,14,TNFα,0.0049972854
#00549e,Low dose,CD4,14,TNFα,0.1120198634
#00549e,Low dose,CD4,14,TNFα,0.0379614932
#00549e,Low dose,CD4,14,TNFα,0.01496817
#00549e,Low dose,CD4,14,TNFα,0.0100080222
#00549e,Low dose,CD8,14,TNFα,0.001
#00549e,Low dose,CD4,14,TNFα,0.0289010109
#00549e,Low dose,CD4,14,TNFα,0.0200040247
#00549e,Low dose,CD8,14,TNFα,0.001
#00549e,Low dose,CD8,14,TNFα,0.001
#00549e,Low dose,CD8,14,TNFα,0.0682919343
#00549e,Low dose,CD8,14,TNFα,0.0090124305
#00549e,Low dose,CD8,14,TNFα,0.0059952748
#00549e,Low dose,CD4,14,TNFα,0.1390892054
#00549e,Low dose,CD4,14,TNFα,0.06898506
#00549e,Low dose,CD4,14,TNFα,0.0049852908
#00549e,Low dose,CD4,14,TNFα,0.0029914026
#00549e,Low dose,CD8,14,TNFα,0.001
#00549e,Low dose,CD8,14,TNFα,0.0040056092
#00549e,Low dose,CD4,14,TNFα,0.0269669171
#00549e,Low dose,CD4,14,TNFα,0.0189921515
#00549e,Low dose,CD8,14,TNFα,0.001
#00549e,Low dose,CD4,14,TNFα,0.0430380779
#00549e,Low dose,CD8,14,TNFα,0.001
#00549e,Low dose,CD8,14,TNFα,0.001
#00549e,Low dose,CD8,14,TNFα,0.0300892536
#00549e,Low dose,CD8,14,TNFα,0.012051015
#00549e,Low dose,CD8,14,TNFα,0.0040056092
#00549e,Low dose,CD8,14,TNFα,0.0029956211
#00549e,Low dose,CD8,14,TNFα,0.0020014575
#00549e,Low dose,CD8,14,TNFα,0.001
#00549e,Low dose,CD4,14,TNFα,0.2181727914
#00549e,Low dose,CD4,14,TNFα,0.0890584047
#00549e,Low dose,CD4,14,TNFα,0.0339209105
#00549e,Low dose,CD4,14,TNFα,0.0259368875
#00549e,Low dose,CD4,14,TNFα,0.0189921515
#00549e,Low dose,CD4,14,TNFα,0.01496817
#00549e,Low dose,CD4,14,TNFα,0.0100080222
#00549e,Low dose,CD4,14,TNFα,0.0010006664
#00549e,Low dose,CD8,14,TNFα,0.001
#00549e,Low dose,CD8,14,TNFα,0.001
#00549e,Low dose,CD8,14,TNFα,0.001
#00549e,Low dose,CD4,14,TNFα,0.0439796636
#00549e,Low dose,CD8,14,TNFα,0.0049972854
#00549e,Low dose,CD8,14,TNFα,0.001
#00549e,Low dose,CD4,14,TNFα,0.0259368875
#00549e,Low dose,CD4,14,TNFα,0.0189921515
#00549e,Low dose,CD8,14,TNFα,0.0774427996
#00549e,Low dose,CD8,14,TNFα,0.0090124305
#00549e,Low dose,CD8,14,TNFα,0.0059952748
#00549e,Low dose,CD4,14,TNFα,0.1326217473
#00549e,Low dose,CD4,14,TNFα,0.0590311427
#00549e,Low dose,CD4,14,TNFα,0.0059792679
#00549e,Low dose,CD4,14,TNFα,0.0029914026
#00549e,Low dose,CD8,14,TNFα,0.001
#00549e,Low dose,CD8,14,TNFα,0.001
#00549e,Low dose,CD8,14,TNFα,0.001
#00549e,Low dose,CD8,14,TNFα,0.0049972854
#00549e,Low dose,CD8,14,TNFα,0.0029956211
#00549e,Low dose,CD8,14,TNFα,0.0020014575
#00549e,Low dose,CD4,14,TNFα,0.0289010109
#00549e,Low dose,CD4,14,TNFα,0.0229761275
#00549e,Low dose,CD8,14,TNFα,0.001
#00549e,Low dose,CD4,14,TNFα,0.0898297228
#00549e,Low dose,CD4,14,TNFα,0.0410364864
#00549e,Low dose,CD4,14,TNFα,0.01496817
#00549e,Low dose,CD4,14,TNFα,0.0110080309
#00549e,Low dose,CD4,14,TNFα,0.0459250854
#ef3124,High dose,CD8,14,TNFα,0.0221157
#ef3124,High dose,CD4,14,TNFα,0.3896600547
#ef3124,High dose,CD4,14,TNFα,0.3220944334
#ef3124,High dose,CD4,14,TNFα,0.0678004543
#ef3124,High dose,CD4,14,TNFα,0.0319261822
#ef3124,High dose,CD8,14,TNFα,0.0442611711
#ef3124,High dose,CD8,14,TNFα,0.0341229998
#ef3124,High dose,CD8,14,TNFα,0.0150345075
#ef3124,High dose,CD8,14,TNFα,0.012051015
#ef3124,High dose,CD8,14,TNFα,0.0090124305
#ef3124,High dose,CD8,14,TNFα,0.0020014575
#ef3124,High dose,CD4,14,TNFα,0.1421295642
#ef3124,High dose,CD8,14,TNFα,0.0059952748
#ef3124,High dose,CD4,14,TNFα,0.1077431416
#ef3124,High dose,CD8,14,TNFα,0.103549173
#ef3124,High dose,CD8,14,TNFα,0.0542699537
#ef3124,High dose,CD8,14,TNFα,0.0070082666
#ef3124,High dose,CD8,14,TNFα,0.0040056092
#ef3124,High dose,CD4,14,TNFα,0.1907733608
#ef3124,High dose,CD4,14,TNFα,0.1086762846
#ef3124,High dose,CD4,14,TNFα,0.0619092942
#ef3124,High dose,CD4,14,TNFα,0.0329090451
#ef3124,High dose,CD4,14,TNFα,0.02000458
#ef3124,High dose,CD4,14,TNFα,0.1286644321
#ef3124,High dose,CD8,14,TNFα,0.0180378293
#ef3124,High dose,CD4,14,TNFα,0.3604615992
#ef3124,High dose,CD4,14,TNFα,0.2662321254
#ef3124,High dose,CD4,14,TNFα,0.0309729601
#ef3124,High dose,CD8,14,TNFα,0.0059952748
#ef3124,High dose,CD4,14,TNFα,0.0879089473
#ef3124,High dose,CD8,14,TNFα,0.566805903
#ef3124,High dose,CD8,14,TNFα,0.0402339906
#ef3124,High dose,CD8,14,TNFα,0.0290638643
#ef3124,High dose,CD8,14,TNFα,0.0140259674
#ef3124,High dose,CD8,14,TNFα,0.0110504123
#ef3124,High dose,CD8,14,TNFα,0.0080166106
#ef3124,High dose,CD8,14,TNFα,0.0029956211
#ef3124,High dose,CD8,14,TNFα,0.0020014575
#ef3124,High dose,CD4,14,TNFα,0.5298451582
#ef3124,High dose,CD4,14,TNFα,0.1139770682
#ef3124,High dose,CD4,14,TNFα,0.0100082074
#ef3124,High dose,CD4,14,TNFα,0.0039978969
#ef3124,High dose,CD8,14,TNFα,0.0059952748
#ef3124,High dose,CD4,14,TNFα,0.0867727199
#ef3124,High dose,CD8,14,TNFα,0.0180378293
#ef3124,High dose,CD4,14,TNFα,0.3005422292
#ef3124,High dose,CD4,14,TNFα,0.0259364075
#ef3124,High dose,CD4,14,TNFα,0.1226817116
#ef3124,High dose,CD8,14,TNFα,0.0957824927
#ef3124,High dose,CD8,14,TNFα,0.0594424798
#ef3124,High dose,CD8,14,TNFα,0.0070082666
#ef3124,High dose,CD8,14,TNFα,0.0040056092
#ef3124,High dose,CD4,14,TNFα,0.3651680735
#ef3124,High dose,CD4,14,TNFα,0.1764781118
#ef3124,High dose,CD4,14,TNFα,0.1077431416
#ef3124,High dose,CD4,14,TNFα,0.0788899772
#ef3124,High dose,CD4,14,TNFα,0.0410376255
#ef3124,High dose,CD4,14,TNFα,0.0249457394
#ef3124,High dose,CD8,14,TNFα,0.0059952748
#ef3124,High dose,CD4,14,TNFα,0.3512200977
#ef3124,High dose,CD4,14,TNFα,0.106812081
#ef3124,High dose,CD8,14,TNFα,0.0501947955
#ef3124,High dose,CD8,14,TNFα,0.0321126001
#ef3124,High dose,CD8,14,TNFα,0.012051015
#ef3124,High dose,CD8,14,TNFα,0.0080166106
#ef3124,High dose,CD8,14,TNFα,0.0020014575
#ef3124,High dose,CD4,14,TNFα,0.1361088468
#ef3124,High dose,CD8,14,TNFα,0.0180378293
#ef3124,High dose,CD4,14,TNFα,0.3319949062
#ef3124,High dose,CD4,14,TNFα,0.0498619801
#ef3124,High dose,CD4,14,TNFα,0.0309729601
#ef3124,High dose,CD8,14,TNFα,0.0140259674
#00549e,Low dose,CD8,28,TNFα,0.0170493917
#00549e,Low dose,CD8,28,TNFα,0.0029956211
#00549e,Low dose,CD4,28,TNFα,0.0890584047
#00549e,Low dose,CD8,28,TNFα,0.0260777883
#00549e,Low dose,CD8,28,TNFα,0.0020014575
#00549e,Low dose,CD8,28,TNFα,0.001
#00549e,Low dose,CD4,28,TNFα,0.0698851374
#00549e,Low dose,CD4,28,TNFα,0.0539019454
#00549e,Low dose,CD4,28,TNFα,0.1536453225
#00549e,Low dose,CD4,28,TNFα,0.119019897
#00549e,Low dose,CD4,28,TNFα,0.0379614932
#00549e,Low dose,CD4,28,TNFα,0.020979739
#00549e,Low dose,CD8,28,TNFα,0.0080166106
#00549e,Low dose,CD8,28,TNFα,0.0059952748
#00549e,Low dose,CD4,28,TNFα,0.0608484449
#00549e,Low dose,CD4,28,TNFα,0.0490053008
#00549e,Low dose,CD8,28,TNFα,0.0634396787
#00549e,Low dose,CD8,28,TNFα,0.012051015
#00549e,Low dose,CD8,28,TNFα,0.0090124305
#00549e,Low dose,CD8,28,TNFα,0.0059952748
#00549e,Low dose,CD4,28,TNFα,0.0229761275
#00549e,Low dose,CD4,28,TNFα,0.0179525533
#00549e,Low dose,CD8,28,TNFα,0.0160446077
#00549e,Low dose,CD8,28,TNFα,0.0029956211
#00549e,Low dose,CD4,28,TNFα,0.0748973682
#00549e,Low dose,CD4,28,TNFα,0.0590311427
#00549e,Low dose,CD4,28,TNFα,0.0449418492
#00549e,Low dose,CD8,28,TNFα,0.0080166106
#00549e,Low dose,CD8,28,TNFα,0.0049972854
#00549e,Low dose,CD8,28,TNFα,0.3472229657
#00549e,Low dose,CD8,28,TNFα,0.0866873984
#00549e,Low dose,CD8,28,TNFα,0.0341229998
#00549e,Low dose,CD8,28,TNFα,0.0241191468
#00549e,Low dose,CD8,28,TNFα,0.0020014575
#00549e,Low dose,CD8,28,TNFα,0.001
#00549e,Low dose,CD4,28,TNFα,0.27324496
#00549e,Low dose,CD4,28,TNFα,0.1396940972
#00549e,Low dose,CD4,28,TNFα,0.1018473498
#00549e,Low dose,CD4,28,TNFα,0.0590311427
#00549e,Low dose,CD4,28,TNFα,0.0430380779
#00549e,Low dose,CD4,28,TNFα,0.0329081316
#00549e,Low dose,CD4,28,TNFα,0.0169706462
#00549e,Low dose,CD4,28,TNFα,0.0059792679
#00549e,Low dose,CD8,28,TNFα,0.0080166106
#00549e,Low dose,CD8,28,TNFα,0.0049972854
#00549e,Low dose,CD8,28,TNFα,0.0160446077
#00549e,Low dose,CD8,28,TNFα,0.0029956211
#00549e,Low dose,CD4,28,TNFα,0.0590311427
#00549e,Low dose,CD4,28,TNFα,0.0439796636
#00549e,Low dose,CD4,28,TNFα,0.0838189746
#00549e,Low dose,CD4,28,TNFα,0.0179525533
#00549e,Low dose,CD8,28,TNFα,0.0574167837
#00549e,Low dose,CD8,28,TNFα,0.0100447848
#00549e,Low dose,CD8,28,TNFα,0.0059952748
#00549e,Low dose,CD4,28,TNFα,0.0259368875
#00549e,Low dose,CD4,28,TNFα,0.0638128399
#00549e,Low dose,CD4,28,TNFα,0.0479561185
#00549e,Low dose,CD8,28,TNFα,0.0080166106
#00549e,Low dose,CD8,28,TNFα,0.0049972854
#00549e,Low dose,CD8,28,TNFα,0.0300892536
#00549e,Low dose,CD8,28,TNFα,0.0020014575
#00549e,Low dose,CD8,28,TNFα,0.001
#00549e,Low dose,CD4,28,TNFα,0.020979739
#00549e,Low dose,CD4,28,TNFα,0.1248251996
#00549e,Low dose,CD4,28,TNFα,0.0379614932
#00549e,Low dose,CD4,28,TNFα,0.0708015441
#00549e,Low dose,CD4,28,TNFα,0.0518431043
#00549e,Low dose,CD8,28,TNFα,0.0180383309
#00549e,Low dose,CD8,28,TNFα,0.012051015
#00549e,Low dose,CD8,28,TNFα,0.0029956211
#00549e,Low dose,CD4,28,TNFα,0.0929970052
#00549e,Low dose,CD4,28,TNFα,0.1477766789
#ef3124,High dose,CD4,28,TNFα,0.0259364075
#ef3124,High dose,CD8,28,TNFα,0.0170484434
#ef3124,High dose,CD8,28,TNFα,0.0059952748
#ef3124,High dose,CD4,28,TNFα,0.1576939612
#ef3124,High dose,CD4,28,TNFα,0.0239929108
#ef3124,High dose,CD8,28,TNFα,0.0674081761
#ef3124,High dose,CD8,28,TNFα,0.0080166106
#ef3124,High dose,CD8,28,TNFα,0.0010000556
#ef3124,High dose,CD8,28,TNFα,0.0049972854
#ef3124,High dose,CD4,28,TNFα,0.0459259353
#ef3124,High dose,CD4,28,TNFα,0.0539009479
#ef3124,High dose,CD8,28,TNFα,0.0130293991
#ef3124,High dose,CD4,28,TNFα,0.0838213013
#ef3124,High dose,CD4,28,TNFα,0.0729785027
#ef3124,High dose,CD8,28,TNFα,0.0874396489
#ef3124,High dose,CD8,28,TNFα,0.0351732856
#ef3124,High dose,CD8,28,TNFα,0.0140259674
#ef3124,High dose,CD8,28,TNFα,0.0029956211
#ef3124,High dose,CD4,28,TNFα,0.202687137
#ef3124,High dose,CD4,28,TNFα,0.1018454651
#ef3124,High dose,CD4,28,TNFα,0.0768702438
#ef3124,High dose,CD4,28,TNFα,0.0120036637
#ef3124,High dose,CD8,28,TNFα,0.0040056092
#ef3124,High dose,CD4,28,TNFα,0.0539009479
#ef3124,High dose,CD8,28,TNFα,0.0059952748
#ef3124,High dose,CD4,28,TNFα,0.151013924
#ef3124,High dose,CD4,28,TNFα,0.0249457394
#ef3124,High dose,CD4,28,TNFα,0.02000458
#ef3124,High dose,CD8,28,TNFα,0.012051015
#ef3124,High dose,CD4,28,TNFα,0.0820267234
#ef3124,High dose,CD4,28,TNFα,0.0619092942
#ef3124,High dose,CD8,28,TNFα,0.2869120976
#ef3124,High dose,CD8,28,TNFα,0.1297491546
#ef3124,High dose,CD8,28,TNFα,0.0564299716
#ef3124,High dose,CD8,28,TNFα,0.0221157
#ef3124,High dose,CD8,28,TNFα,0.0080166106
#ef3124,High dose,CD8,28,TNFα,0.0040056092
#ef3124,High dose,CD8,28,TNFα,0.0020014575
#ef3124,High dose,CD8,28,TNFα,0.0010000556
#ef3124,High dose,CD4,28,TNFα,0.0479574497
#ef3124,High dose,CD4,28,TNFα,0.0369875533
#ef3124,High dose,CD8,28,TNFα,0.0130293991
#ef3124,High dose,CD4,28,TNFα,0.0827379069
#ef3124,High dose,CD4,28,TNFα,0.0608473189
#ef3124,High dose,CD8,28,TNFα,0.0059952748
#ef3124,High dose,CD4,28,TNFα,0.1490620617
#ef3124,High dose,CD4,28,TNFα,0.0259364075
#ef3124,High dose,CD4,28,TNFα,0.0189918
#ef3124,High dose,CD8,28,TNFα,0.0040056092
#ef3124,High dose,CD4,28,TNFα,0.0498619801
#ef3124,High dose,CD8,28,TNFα,0.0725673304
#ef3124,High dose,CD8,28,TNFα,0.0311508193
#ef3124,High dose,CD8,28,TNFα,0.0150345075
#ef3124,High dose,CD8,28,TNFα,0.0029956211
#ef3124,High dose,CD4,28,TNFα,0.2044539222
#ef3124,High dose,CD4,28,TNFα,0.1018454651
#ef3124,High dose,CD4,28,TNFα,0.0739306842
#ef3124,High dose,CD4,28,TNFα,0.0129759959
#ef3124,High dose,CD8,28,TNFα,0.0140259674
#ef3124,High dose,CD4,28,TNFα,0.0938059065
#ef3124,High dose,CD4,28,TNFα,0.0708002339
#ef3124,High dose,CD8,28,TNFα,0.0049972854
#ef3124,High dose,CD8,28,TNFα,0.0594424798
#ef3124,High dose,CD8,28,TNFα,0.0080166106
#ef3124,High dose,CD8,28,TNFα,0.0010000556
#ef3124,High dose,CD4,28,TNFα,0.0539009479
#ef3124,High dose,CD4,28,TNFα,0.0459259353
#ef3124,High dose,CD8,28,TNFα,0.0160455002
#ef3124,High dose,CD8,28,TNFα,0.0070082666
#ef3124,High dose,CD4,28,TNFα,0.1529842668
#ef3124,High dose,CD4,28,TNFα,0.0279174782
#ef3124,High dose,CD4,28,TNFα,0.0209803214
#00549e,Low dose,CD8,0,IL-2,0.005018642
#00549e,Low dose,CD8,0,IL-2,0.0010043295
#00549e,Low dose,CD4,0,IL-2,0.001000037
#00549e,Low dose,CD8,0,IL-2,0.0010043295
#00549e,Low dose,CD4,0,IL-2,0.0089746921
#00549e,Low dose,CD4,0,IL-2,0.006982395
#00549e,Low dose,CD8,0,IL-2,0.0010043295
#00549e,Low dose,CD4,0,IL-2,0.001000037
#00549e,Low dose,CD4,0,IL-2,0.001000037
#00549e,Low dose,CD8,0,IL-2,0.0010043295
#00549e,Low dose,CD8,0,IL-2,0.0110978434
#00549e,Low dose,CD8,0,IL-2,0.0010043295
#00549e,Low dose,CD4,0,IL-2,0.001000037
#00549e,Low dose,CD4,0,IL-2,0.0049819246
#00549e,Low dose,CD4,0,IL-2,0.0029894658
#00549e,Low dose,CD4,0,IL-2,0.001000037
#00549e,Low dose,CD8,0,IL-2,0.0010043295
#00549e,Low dose,CD8,0,IL-2,0.0040230261
#00549e,Low dose,CD8,0,IL-2,0.0010043295
#00549e,Low dose,CD4,0,IL-2,0.001000037
#00549e,Low dose,CD8,0,IL-2,0.0010043295
#00549e,Low dose,CD4,0,IL-2,0.001000037
#00549e,Low dose,CD8,0,IL-2,0.0010043295
#00549e,Low dose,CD4,0,IL-2,0.001000037
#00549e,Low dose,CD8,0,IL-2,0.0161140728
#00549e,Low dose,CD8,0,IL-2,0.0060214546
#00549e,Low dose,CD8,0,IL-2,0.0030084791
#00549e,Low dose,CD8,0,IL-2,0.002010011
#00549e,Low dose,CD4,0,IL-2,0.0089746921
#00549e,Low dose,CD4,0,IL-2,0.0059748989
#00549e,Low dose,CD4,0,IL-2,0.00199891
#00549e,Low dose,CD8,0,IL-2,0.0010043295
#00549e,Low dose,CD4,0,IL-2,0.001000037
#00549e,Low dose,CD8,0,IL-2,0.0010043295
#00549e,Low dose,CD4,0,IL-2,0.001000037
#00549e,Low dose,CD4,0,IL-2,0.001000037
#00549e,Low dose,CD8,0,IL-2,0.0010043295
#00549e,Low dose,CD8,0,IL-2,0.0040230261
#00549e,Low dose,CD8,0,IL-2,0.0010043295
#00549e,Low dose,CD4,0,IL-2,0.001000037
#00549e,Low dose,CD4,0,IL-2,0.001000037
#00549e,Low dose,CD8,0,IL-2,0.0100878996
#00549e,Low dose,CD8,0,IL-2,0.0010043295
#00549e,Low dose,CD4,0,IL-2,0.0039951235
#00549e,Low dose,CD4,0,IL-2,0.0029894658
#00549e,Low dose,CD8,0,IL-2,0.0010043295
#00549e,Low dose,CD4,0,IL-2,0.001000037
#00549e,Low dose,CD4,0,IL-2,0.001000037
#00549e,Low dose,CD8,0,IL-2,0.0010043295
#00549e,Low dose,CD8,0,IL-2,0.0010043295
#00549e,Low dose,CD4,0,IL-2,0.001000037
#00549e,Low dose,CD4,0,IL-2,0.0100003393
#00549e,Low dose,CD4,0,IL-2,0.0059748989
#00549e,Low dose,CD4,0,IL-2,0.001000037
#00549e,Low dose,CD8,0,IL-2,0.0010043295
#00549e,Low dose,CD8,0,IL-2,0.005018642
#ef3124,High dose,CD8,0,IL-2,0.0010043295
#ef3124,High dose,CD4,0,IL-2,0.0029894658
#ef3124,High dose,CD8,0,IL-2,0.0010043295
#ef3124,High dose,CD4,0,IL-2,0.001000037
#ef3124,High dose,CD4,0,IL-2,0.0039951235
#ef3124,High dose,CD4,0,IL-2,0.001000037
#ef3124,High dose,CD8,0,IL-2,0.0010043295
#ef3124,High dose,CD8,0,IL-2,0.0010043295
#ef3124,High dose,CD4,0,IL-2,0.001000037
#ef3124,High dose,CD4,0,IL-2,0.001000037
#ef3124,High dose,CD8,0,IL-2,0.0010043295
#ef3124,High dose,CD8,0,IL-2,0.002010011
#ef3124,High dose,CD8,0,IL-2,0.0010043295
#ef3124,High dose,CD4,0,IL-2,0.0059750647
#ef3124,High dose,CD4,0,IL-2,0.0019989285
#ef3124,High dose,CD4,0,IL-2,0.001000037
#ef3124,High dose,CD4,0,IL-2,0.001000037
#ef3124,High dose,CD8,0,IL-2,0.0010043295
#ef3124,High dose,CD4,0,IL-2,0.0029894658
#ef3124,High dose,CD4,0,IL-2,0.001000037
#ef3124,High dose,CD8,0,IL-2,0.0010043295
#ef3124,High dose,CD4,0,IL-2,0.001000037
#ef3124,High dose,CD8,0,IL-2,0.0010043295
#ef3124,High dose,CD4,0,IL-2,0.001000037
#ef3124,High dose,CD8,0,IL-2,0.0010043295
#ef3124,High dose,CD4,0,IL-2,0.0039951235
#ef3124,High dose,CD8,0,IL-2,0.0010043295
#ef3124,High dose,CD4,0,IL-2,0.001000037
#ef3124,High dose,CD4,0,IL-2,0.001000037
#ef3124,High dose,CD8,0,IL-2,0.0010043295
#ef3124,High dose,CD8,0,IL-2,0.0010043295
#ef3124,High dose,CD4,0,IL-2,0.001000037
#ef3124,High dose,CD4,0,IL-2,0.0029894658
#ef3124,High dose,CD4,0,IL-2,0.001000037
#ef3124,High dose,CD8,0,IL-2,0.0010043295
#ef3124,High dose,CD8,0,IL-2,0.0010043295
#ef3124,High dose,CD8,0,IL-2,0.002010011
#ef3124,High dose,CD4,0,IL-2,0.0059750647
#ef3124,High dose,CD4,0,IL-2,0.0019989285
#ef3124,High dose,CD4,0,IL-2,0.001000037
#ef3124,High dose,CD4,0,IL-2,0.001000037
#ef3124,High dose,CD8,0,IL-2,0.0010043295
#ef3124,High dose,CD8,0,IL-2,0.0010043295
#ef3124,High dose,CD4,0,IL-2,0.001000037
#ef3124,High dose,CD8,0,IL-2,0.0010043295
#ef3124,High dose,CD4,0,IL-2,0.0039951235
#ef3124,High dose,CD4,0,IL-2,0.001000037
#ef3124,High dose,CD8,0,IL-2,0.0010043295
#ef3124,High dose,CD4,0,IL-2,0.0029894658
#00549e,Low dose,CD8,14,IL-2,0.008051617
#00549e,Low dose,CD4,14,IL-2,0.411786126
#00549e,Low dose,CD4,14,IL-2,0.2246543346
#00549e,Low dose,CD4,14,IL-2,0.0318981312
#00549e,Low dose,CD8,14,IL-2,0.0941275694
#00549e,Low dose,CD8,14,IL-2,0.0767751293
#00549e,Low dose,CD8,14,IL-2,0.0444544482
#00549e,Low dose,CD8,14,IL-2,0.0010043295
#00549e,Low dose,CD4,14,IL-2,0.61585161
#00549e,Low dose,CD4,14,IL-2,0.1755351907
#00549e,Low dose,CD4,14,IL-2,0.259140189
#00549e,Low dose,CD8,14,IL-2,0.183554756
#00549e,Low dose,CD8,14,IL-2,0.0495429338
#00549e,Low dose,CD8,14,IL-2,0.0261902064
#00549e,Low dose,CD8,14,IL-2,0.0060214546
#00549e,Low dose,CD8,14,IL-2,0.0040230261
#00549e,Low dose,CD8,14,IL-2,0.0030084791
#00549e,Low dose,CD8,14,IL-2,0.0010043295
#00549e,Low dose,CD4,14,IL-2,0.9535190103
#00549e,Low dose,CD4,14,IL-2,0.3054624237
#00549e,Low dose,CD4,14,IL-2,0.0859433172
#00549e,Low dose,CD4,14,IL-2,0.0677371228
#00549e,Low dose,CD4,14,IL-2,0.0399500026
#00549e,Low dose,CD4,14,IL-2,0.1534932828
#00549e,Low dose,CD8,14,IL-2,0.008051617
#00549e,Low dose,CD4,14,IL-2,0.3743780089
#00549e,Low dose,CD4,14,IL-2,0.1964445486
#00549e,Low dose,CD4,14,IL-2,0.0259150579
#00549e,Low dose,CD4,14,IL-2,0.2524963622
#00549e,Low dose,CD8,14,IL-2,0.0010043295
#00549e,Low dose,CD8,14,IL-2,0.1215739371
#00549e,Low dose,CD8,14,IL-2,0.0901360034
#00549e,Low dose,CD8,14,IL-2,0.0707013118
#00549e,Low dose,CD8,14,IL-2,0.0353268782
#00549e,Low dose,CD8,14,IL-2,0.018115756
#00549e,Low dose,CD8,14,IL-2,0.0140872152
#00549e,Low dose,CD4,14,IL-2,0.5574810022
#00549e,Low dose,CD4,14,IL-2,0.139555863
#00549e,Low dose,CD4,14,IL-2,0.1099924104
#00549e,Low dose,CD4,14,IL-2,0.0479148699
#00549e,Low dose,CD8,14,IL-2,0.0010043295
#00549e,Low dose,CD4,14,IL-2,0.2580180817
#00549e,Low dose,CD8,14,IL-2,0.008051617
#00549e,Low dose,CD4,14,IL-2,0.3345295947
#00549e,Low dose,CD4,14,IL-2,0.1817260211
#00549e,Low dose,CD4,14,IL-2,0.0309468919
#00549e,Low dose,CD4,14,IL-2,0.1407645299
#00549e,Low dose,CD8,14,IL-2,0.1803899987
#00549e,Low dose,CD8,14,IL-2,0.0454268286
#00549e,Low dose,CD8,14,IL-2,0.0231950576
#00549e,Low dose,CD8,14,IL-2,0.005018642
#00549e,Low dose,CD8,14,IL-2,0.0030084791
#00549e,Low dose,CD8,14,IL-2,0.0010043295
#00549e,Low dose,CD4,14,IL-2,0.8410149215
#00549e,Low dose,CD4,14,IL-2,0.3108080735
#00549e,Low dose,CD4,14,IL-2,0.08897357
#00549e,Low dose,CD4,14,IL-2,0.0618543271
#00549e,Low dose,CD4,14,IL-2,0.036956423
#00549e,Low dose,CD4,14,IL-2,0.2789312134
#00549e,Low dose,CD8,14,IL-2,0.0010043295
#00549e,Low dose,CD4,14,IL-2,0.1548298219
#00549e,Low dose,CD8,14,IL-2,0.1114754492
#00549e,Low dose,CD8,14,IL-2,0.0728815104
#00549e,Low dose,CD8,14,IL-2,0.0353268782
#00549e,Low dose,CD4,14,IL-2,0.5746433236
#00549e,Low dose,CD8,14,IL-2,0.0100878996
#00549e,Low dose,CD8,14,IL-2,0.0060214546
#00549e,Low dose,CD4,14,IL-2,0.3943425497
#00549e,Low dose,CD4,14,IL-2,0.2051322923
#00549e,Low dose,CD4,14,IL-2,0.0318981312
#ef3124,High dose,CD4,14,IL-2,0.917081385
#ef3124,High dose,CD4,14,IL-2,0.374371081
#ef3124,High dose,CD4,14,IL-2,0.0607921697
#ef3124,High dose,CD4,14,IL-2,0.1914116524
#ef3124,High dose,CD8,14,IL-2,0.0566711326
#ef3124,High dose,CD8,14,IL-2,0.0312868468
#ef3124,High dose,CD8,14,IL-2,0.005018642
#ef3124,High dose,CD8,14,IL-2,0.0010043295
#ef3124,High dose,CD4,14,IL-2,0.594893512
#ef3124,High dose,CD4,14,IL-2,0.0767977297
#ef3124,High dose,CD8,14,IL-2,0.0201903149
#ef3124,High dose,CD8,14,IL-2,0.0171228895
#ef3124,High dose,CD8,14,IL-2,0.0130862951
#ef3124,High dose,CD4,14,IL-2,0.2989309027
#ef3124,High dose,CD4,14,IL-2,0.1833033079
#ef3124,High dose,CD8,14,IL-2,0.040409682
#ef3124,High dose,CD8,14,IL-2,0.0010043295
#ef3124,High dose,CD4,14,IL-2,0.8410382668
#ef3124,High dose,CD4,14,IL-2,0.3245475285
#ef3124,High dose,CD8,14,IL-2,0.0191661937
#ef3124,High dose,CD8,14,IL-2,0.0161140728
#ef3124,High dose,CD8,14,IL-2,0.0121036386
#ef3124,High dose,CD4,14,IL-2,0.3259589689
#ef3124,High dose,CD4,14,IL-2,0.0489622438
#ef3124,High dose,CD4,14,IL-2,0.1747815716
#ef3124,High dose,CD4,14,IL-2,0.2875129247
#ef3124,High dose,CD8,14,IL-2,0.0010043295
#ef3124,High dose,CD8,14,IL-2,0.1325823237
#ef3124,High dose,CD8,14,IL-2,0.0524156687
#ef3124,High dose,CD8,14,IL-2,0.0251877016
#ef3124,High dose,CD8,14,IL-2,0.0191661937
#ef3124,High dose,CD8,14,IL-2,0.0140872152
#ef3124,High dose,CD8,14,IL-2,0.0110981521
#ef3124,High dose,CD8,14,IL-2,0.0040229142
#ef3124,High dose,CD8,14,IL-2,0.0030085628
#ef3124,High dose,CD4,14,IL-2,0.5502908079
#ef3124,High dose,CD4,14,IL-2,0.4337375113
#ef3124,High dose,CD4,14,IL-2,0.2016097775
#ef3124,High dose,CD4,14,IL-2,0.1548269568
#ef3124,High dose,CD4,14,IL-2,0.1199407876
#ef3124,High dose,CD4,14,IL-2,0.0698211507
#ef3124,High dose,CD4,14,IL-2,0.0349344609
#ef3124,High dose,CD4,14,IL-2,0.0159596825
#ef3124,High dose,CD8,14,IL-2,0.0010043295
#ef3124,High dose,CD4,14,IL-2,0.2569103416
#ef3124,High dose,CD4,14,IL-2,0.1778304091
#ef3124,High dose,CD4,14,IL-2,0.3389037516
#ef3124,High dose,CD4,14,IL-2,0.0579648805
#ef3124,High dose,CD8,14,IL-2,0.0201903149
#ef3124,High dose,CD8,14,IL-2,0.0150987594
#ef3124,High dose,CD8,14,IL-2,0.0130862951
#ef3124,High dose,CD8,14,IL-2,0.0362575793
#ef3124,High dose,CD8,14,IL-2,0.0010043295
#ef3124,High dose,CD4,14,IL-2,1
#ef3124,High dose,CD4,14,IL-2,0.6981899725
#ef3124,High dose,CD4,14,IL-2,0.3041481783
#ef3124,High dose,CD4,14,IL-2,0.1897575718
#ef3124,High dose,CD4,14,IL-2,0.292530921
#ef3124,High dose,CD8,14,IL-2,0.0242235706
#ef3124,High dose,CD8,14,IL-2,0.0161140728
#ef3124,High dose,CD8,14,IL-2,0.0130862951
#ef3124,High dose,CD8,14,IL-2,0.0010043295
#ef3124,High dose,CD8,14,IL-2,0.0554601198
#ef3124,High dose,CD8,14,IL-2,0.0281933939
#ef3124,High dose,CD8,14,IL-2,0.0040229142
#ef3124,High dose,CD4,14,IL-2,0.5746326897
#ef3124,High dose,CD4,14,IL-2,0.0808931396
#ef3124,High dose,CD4,14,IL-2,0.1922351981
#ef3124,High dose,CD4,14,IL-2,0.3760026804
#ef3124,High dose,CD4,14,IL-2,0.0618531824
#00549e,Low dose,CD8,28,IL-2,0.0435004623
#00549e,Low dose,CD8,28,IL-2,0.0150995993
#00549e,Low dose,CD8,28,IL-2,0.0010043295
#00549e,Low dose,CD8,28,IL-2,0.0070387394
#00549e,Low dose,CD4,28,IL-2,0.3121453204
#00549e,Low dose,CD4,28,IL-2,0.0629338778
#00549e,Low dose,CD8,28,IL-2,0.0201897533
#00549e,Low dose,CD4,28,IL-2,0.2236815551
#00549e,Low dose,CD4,28,IL-2,0.1209829303
#00549e,Low dose,CD8,28,IL-2,0.0010043295
#00549e,Low dose,CD4,28,IL-2,0.171777058
#00549e,Low dose,CD4,28,IL-2,0.1348016364
#00549e,Low dose,CD8,28,IL-2,0.0222114499
#00549e,Low dose,CD8,28,IL-2,0.0010043295
#00549e,Low dose,CD8,28,IL-2,0.0242235706
#00549e,Low dose,CD8,28,IL-2,0.0090517855
#00549e,Low dose,CD4,28,IL-2,0.4135578295
#00549e,Low dose,CD4,28,IL-2,0.1914063393
#00549e,Low dose,CD4,28,IL-2,0.1508603005
#00549e,Low dose,CD4,28,IL-2,0.0848364204
#00549e,Low dose,CD4,28,IL-2,0.0338920476
#00549e,Low dose,CD8,28,IL-2,0.0201897533
#00549e,Low dose,CD4,28,IL-2,0.2024903151
#00549e,Low dose,CD4,28,IL-2,0.1085757761
#00549e,Low dose,CD8,28,IL-2,0.0010043295
#00549e,Low dose,CD8,28,IL-2,0.0414746761
#00549e,Low dose,CD8,28,IL-2,0.0121036386
#00549e,Low dose,CD4,28,IL-2,0.1575320847
#00549e,Low dose,CD4,28,IL-2,0.1236297908
#00549e,Low dose,CD8,28,IL-2,0.0010043295
#00549e,Low dose,CD8,28,IL-2,0.2001865727
#00549e,Low dose,CD8,28,IL-2,0.1354974542
#00549e,Low dose,CD8,28,IL-2,0.0211766855
#00549e,Low dose,CD8,28,IL-2,0.0161140728
#00549e,Low dose,CD8,28,IL-2,0.0060214546
#00549e,Low dose,CD8,28,IL-2,0.0010043295
#00549e,Low dose,CD4,28,IL-2,0.5974640883
#00549e,Low dose,CD4,28,IL-2,0.2937949675
#00549e,Low dose,CD4,28,IL-2,0.2007423558
#00549e,Low dose,CD4,28,IL-2,0.0965989771
#00549e,Low dose,CD4,28,IL-2,0.0538530911
#00549e,Low dose,CD4,28,IL-2,0.0159599778
#00549e,Low dose,CD8,28,IL-2,0.0010043295
#00549e,Low dose,CD4,28,IL-2,0.1609785664
#00549e,Low dose,CD4,28,IL-2,0.122561446
#00549e,Low dose,CD8,28,IL-2,0.0435004623
#00549e,Low dose,CD8,28,IL-2,0.0121036386
#00549e,Low dose,CD8,28,IL-2,0.0010043295
#00549e,Low dose,CD8,28,IL-2,0.0231950576
#00549e,Low dose,CD8,28,IL-2,0.0171228895
#00549e,Low dose,CD4,28,IL-2,0.2024903151
#00549e,Low dose,CD4,28,IL-2,0.1048779135
#00549e,Low dose,CD8,28,IL-2,0.0110978434
#00549e,Low dose,CD4,28,IL-2,0.3926350004
#00549e,Low dose,CD4,28,IL-2,0.1955939208
#00549e,Low dose,CD4,28,IL-2,0.1508603005
#00549e,Low dose,CD4,28,IL-2,0.07386231
#00549e,Low dose,CD4,28,IL-2,0.0318981312
#00549e,Low dose,CD8,28,IL-2,0.0010043295
#00549e,Low dose,CD4,28,IL-2,0.179373884
#00549e,Low dose,CD4,28,IL-2,0.1257875158
#00549e,Low dose,CD8,28,IL-2,0.0010043295
#00549e,Low dose,CD8,28,IL-2,0.0251877016
#00549e,Low dose,CD8,28,IL-2,0.0201897533
#00549e,Low dose,CD4,28,IL-2,0.2407645368
#00549e,Low dose,CD4,28,IL-2,0.1085757761
#00549e,Low dose,CD8,28,IL-2,0.0070387394
#00549e,Low dose,CD4,28,IL-2,0.298922605
#00549e,Low dose,CD4,28,IL-2,0.0618543271
#00549e,Low dose,CD8,28,IL-2,0.0010043295
#00549e,Low dose,CD8,28,IL-2,0.0504121137
#00549e,Low dose,CD8,28,IL-2,0.0130862951
#ef3124,High dose,CD8,28,IL-2,0.0201903149
#ef3124,High dose,CD8,28,IL-2,0.0010043295
#ef3124,High dose,CD4,28,IL-2,0.4047149687
#ef3124,High dose,CD4,28,IL-2,0.3094565115
#ef3124,High dose,CD4,28,IL-2,0.1755384391
#ef3124,High dose,CD4,28,IL-2,0.0957668769
#ef3124,High dose,CD4,28,IL-2,0.0468885994
#ef3124,High dose,CD8,28,IL-2,0.0150987594
#ef3124,High dose,CD8,28,IL-2,0.0100878996
#ef3124,High dose,CD8,28,IL-2,0.0070385436
#ef3124,High dose,CD8,28,IL-2,0.005018642
#ef3124,High dose,CD4,28,IL-2,0.1395532804
#ef3124,High dose,CD4,28,IL-2,0.0358523492
#ef3124,High dose,CD4,28,IL-2,0.1257851881
#ef3124,High dose,CD8,28,IL-2,0.0010043295
#ef3124,High dose,CD8,28,IL-2,0.0010043295
#ef3124,High dose,CD8,28,IL-2,0.0373752986
#ef3124,High dose,CD8,28,IL-2,0.0231950576
#ef3124,High dose,CD8,28,IL-2,0.002010011
#ef3124,High dose,CD8,28,IL-2,0.0010043295
#ef3124,High dose,CD4,28,IL-2,0.5796362903
#ef3124,High dose,CD4,28,IL-2,0.0589770939
#ef3124,High dose,CD4,28,IL-2,0.1119152272
#ef3124,High dose,CD8,28,IL-2,0.018115756
#ef3124,High dose,CD8,28,IL-2,0.0010043295
#ef3124,High dose,CD4,28,IL-2,0.3493338347
#ef3124,High dose,CD4,28,IL-2,0.2875129247
#ef3124,High dose,CD4,28,IL-2,0.1688273166
#ef3124,High dose,CD4,28,IL-2,0.0859457029
#ef3124,High dose,CD4,28,IL-2,0.0449023623
#ef3124,High dose,CD8,28,IL-2,0.0010043295
#ef3124,High dose,CD8,28,IL-2,0.046425643
#ef3124,High dose,CD8,28,IL-2,0.0121036386
#ef3124,High dose,CD8,28,IL-2,0.0090517855
#ef3124,High dose,CD8,28,IL-2,0.0060214546
#ef3124,High dose,CD8,28,IL-2,0.0040229142
#ef3124,High dose,CD8,28,IL-2,0.0030085628
#ef3124,High dose,CD4,28,IL-2,0.7012263646
#ef3124,High dose,CD4,28,IL-2,0.1268804597
#ef3124,High dose,CD4,28,IL-2,0.1000030843
#ef3124,High dose,CD4,28,IL-2,0.0309463193
#ef3124,High dose,CD8,28,IL-2,0.0010043295
#ef3124,High dose,CD8,28,IL-2,0.0161140728
#ef3124,High dose,CD8,28,IL-2,0.0010043295
#ef3124,High dose,CD4,28,IL-2,0.3616408655
#ef3124,High dose,CD4,28,IL-2,0.2659563711
#ef3124,High dose,CD4,28,IL-2,0.169559969
#ef3124,High dose,CD4,28,IL-2,0.0767977297
#ef3124,High dose,CD4,28,IL-2,0.0430002638
#ef3124,High dose,CD4,28,IL-2,0.1017484497
#ef3124,High dose,CD8,28,IL-2,0.0281933939
#ef3124,High dose,CD8,28,IL-2,0.002010011
#ef3124,High dose,CD8,28,IL-2,0.0010043295
#ef3124,High dose,CD4,28,IL-2,0.4648240876
#ef3124,High dose,CD4,28,IL-2,0.0729096598
#ef3124,High dose,CD8,28,IL-2,0.0010043295
#ef3124,High dose,CD8,28,IL-2,0.0010043295
#ef3124,High dose,CD4,28,IL-2,0.1199407876
#ef3124,High dose,CD8,28,IL-2,0.0130862951
#ef3124,High dose,CD8,28,IL-2,0.0100878996
#ef3124,High dose,CD8,28,IL-2,0.0070385436
#ef3124,High dose,CD8,28,IL-2,0.005018642
#ef3124,High dose,CD4,28,IL-2,0.1575364576
#ef3124,High dose,CD4,28,IL-2,0.0309463193
#ef3124,High dose,CD8,28,IL-2,0.0332455505
#ef3124,High dose,CD8,28,IL-2,0.018115756
#ef3124,High dose,CD8,28,IL-2,0.0010043295
#ef3124,High dose,CD4,28,IL-2,0.4299933543
#ef3124,High dose,CD4,28,IL-2,0.2963476962
#ef3124,High dose,CD4,28,IL-2,0.1998786662
#ef3124,High dose,CD4,28,IL-2,0.0897474748
#ef3124,High dose,CD4,28,IL-2,0.0458851592
#6cb33f,Middle dose,CD4,0,IFNγ,0.0010096693
#6cb33f,Middle dose,CD4,0,IFNγ,0.0010096693
#6cb33f,Middle dose,CD4,0,IFNγ,0.0010096693
#6cb33f,Middle dose,CD4,0,IFNγ,0.0070495835
#6cb33f,Middle dose,CD4,0,IFNγ,0.0040332309
#6cb33f,Middle dose,CD4,0,IFNγ,0.0010096693
#6cb33f,Middle dose,CD4,0,IFNγ,0.0010096693
#6cb33f,Middle dose,CD4,0,IFNγ,0.0020179765
#6cb33f,Middle dose,CD4,0,IFNγ,0.0010096693
#6cb33f,Middle dose,CD4,0,IFNγ,0.0060324485
#6cb33f,Middle dose,CD4,0,IFNγ,0.0010096693
#6cb33f,Middle dose,CD4,0,IFNγ,0.0151007403
#6cb33f,Middle dose,CD4,0,IFNγ,0.0010096693
#6cb33f,Middle dose,CD4,0,IFNγ,0.0010096693
#6cb33f,Middle dose,CD4,0,IFNγ,0.0010096693
#6cb33f,Middle dose,CD4,0,IFNγ,0.0010096693
#6cb33f,Middle dose,CD4,0,IFNγ,0.0010096693
#6cb33f,Middle dose,CD4,0,IFNγ,0.0020179765
#6cb33f,Middle dose,CD4,0,IFNγ,0.0030179807
#6cb33f,Middle dose,CD4,0,IFNγ,0.0020179765
#6cb33f,Middle dose,CD4,0,IFNγ,0.0050295842
#6cb33f,Middle dose,CD4,0,IFNγ,0.0050295842
#6cb33f,Middle dose,CD4,0,IFNγ,0.0111047051
#6cb33f,Middle dose,CD4,0,IFNγ,0.0010096693
#6cb33f,Middle dose,CD4,0,IFNγ,0.0010096693
#6cb33f,Middle dose,CD4,0,IFNγ,0.0010096693
#6cb33f,Middle dose,CD4,0,IFNγ,0.0040332309
#6cb33f,Middle dose,CD4,0,IFNγ,0.0020179765
#6cb33f,Middle dose,CD4,14,IFNγ,0.2605081053
#6cb33f,Middle dose,CD4,14,IFNγ,0.3178754593
#6cb33f,Middle dose,CD4,14,IFNγ,0.0695851019
#6cb33f,Middle dose,CD4,14,IFNγ,0.2378814422
#6cb33f,Middle dose,CD4,14,IFNγ,0.0522911399
#6cb33f,Middle dose,CD4,14,IFNγ,0.1719312993
#6cb33f,Middle dose,CD4,14,IFNγ,0.0996576205
#6cb33f,Middle dose,CD4,14,IFNγ,0.3714726452
#6cb33f,Middle dose,CD4,14,IFNγ,0.191588842
#6cb33f,Middle dose,CD4,14,IFNγ,0.1529686969
#6cb33f,Middle dose,CD4,14,IFNγ,0.0301811104
#6cb33f,Middle dose,CD4,14,IFNγ,0.2877790751
#6cb33f,Middle dose,CD4,14,IFNγ,0.2399372483
#6cb33f,Middle dose,CD4,14,IFNγ,0.4359988296
#6cb33f,Middle dose,CD4,14,IFNγ,0.3913003535
#6cb33f,Middle dose,CD4,14,IFNγ,0.500772827
#6cb33f,Middle dose,CD4,14,IFNγ,0.2171999403
#6cb33f,Middle dose,CD4,14,IFNγ,0.2297903311
#6cb33f,Middle dose,CD4,14,IFNγ,0.0181117235
#6cb33f,Middle dose,CD4,14,IFNγ,0.1058841675
#6cb33f,Middle dose,CD4,14,IFNγ,0.4672863891
#6cb33f,Middle dose,CD4,14,IFNγ,0.6353809052
#6cb33f,Middle dose,CD4,14,IFNγ,0.3619722867
#6cb33f,Middle dose,CD4,14,IFNγ,0.1719312993
#6cb33f,Middle dose,CD4,14,IFNγ,0.1883023788
#6cb33f,Middle dose,CD4,14,IFNγ,0.1408896209
#6cb33f,Middle dose,CD4,14,IFNγ,0.345160231
#6cb33f,Middle dose,CD4,14,IFNγ,0.0483763809
#6cb33f,Middle dose,CD4,14,IFNγ,0.345160231
#6cb33f,Middle dose,CD4,14,IFNγ,0.3017962109
#6cb33f,Middle dose,CD4,14,IFNγ,0.4572777581
#6cb33f,Middle dose,CD4,14,IFNγ,0.1549774495
#6cb33f,Middle dose,CD4,14,IFNγ,0.027205003
#6cb33f,Middle dose,CD4,14,IFNγ,0.2650547833
#6cb33f,Middle dose,CD4,14,IFNγ,0.8528240288
#6cb33f,Middle dose,CD4,14,IFNγ,0.3981297637
#6cb33f,Middle dose,CD4,28,IFNγ,0.0898305539
#6cb33f,Middle dose,CD4,28,IFNγ,0.3730916126
#6cb33f,Middle dose,CD4,28,IFNγ,0.0834598897
#6cb33f,Middle dose,CD4,28,IFNγ,0.1018388689
#6cb33f,Middle dose,CD4,28,IFNγ,0.0453340182
#6cb33f,Middle dose,CD4,28,IFNγ,0.0624454789
#6cb33f,Middle dose,CD4,28,IFNγ,0.0975230915
#6cb33f,Middle dose,CD4,28,IFNγ,0.2125478167
#6cb33f,Middle dose,CD4,28,IFNγ,0.1159555936
#6cb33f,Middle dose,CD4,28,IFNγ,0.0553222913
#6cb33f,Middle dose,CD4,28,IFNγ,0.0494352151
#6cb33f,Middle dose,CD4,28,IFNγ,0.1842692011
#6cb33f,Middle dose,CD4,28,IFNγ,0.2409829527
#6cb33f,Middle dose,CD4,28,IFNγ,0.348143156
#6cb33f,Middle dose,CD4,28,IFNγ,0.9543840203
#6cb33f,Middle dose,CD4,28,IFNγ,0.2473078138
#6cb33f,Middle dose,CD4,28,IFNγ,0.0917882198
#6cb33f,Middle dose,CD4,28,IFNγ,0.0736119179
#6cb33f,Middle dose,CD4,28,IFNγ,0.1281061147
#6cb33f,Middle dose,CD4,28,IFNγ,0.1058841675
#6cb33f,Middle dose,CD4,28,IFNγ,0.2327863493
#6cb33f,Middle dose,CD4,28,IFNγ,0.3666917
#6cb33f,Middle dose,CD4,28,IFNγ,0.1583695063
#6cb33f,Middle dose,CD4,28,IFNγ,0.1583695063
#6cb33f,Middle dose,CD4,28,IFNγ,0.116968521
#6cb33f,Middle dose,CD4,28,IFNγ,0.0312438127
#6cb33f,Middle dose,CD4,28,IFNγ,0.2044274394
#6cb33f,Middle dose,CD4,28,IFNγ,0.0816722938
#6cb33f,Middle dose,CD4,28,IFNγ,0.0946165908
#6cb33f,Middle dose,CD4,28,IFNγ,0.1009663034
#6cb33f,Middle dose,CD4,28,IFNγ,0.4341470556
#6cb33f,Middle dose,CD4,28,IFNγ,0.1632344151
#6cb33f,Middle dose,CD4,28,IFNγ,0.0534356582
#6cb33f,Middle dose,CD4,28,IFNγ,0.2358214297
#6cb33f,Middle dose,CD4,28,IFNγ,0.1891055478
#6cb33f,Middle dose,CD4,28,IFNγ,0.6217719211
#6cb33f,Middle dose,CD4,0,TNFα,0.0010006016
#6cb33f,Middle dose,CD4,0,TNFα,0.0010006016
#6cb33f,Middle dose,CD4,0,TNFα,0.0010006016
#6cb33f,Middle dose,CD4,0,TNFα,0.002000131
#6cb33f,Middle dose,CD4,0,TNFα,0.0010006016
#6cb33f,Middle dose,CD4,0,TNFα,0.0049855675
#6cb33f,Middle dose,CD4,0,TNFα,0.0010006016
#6cb33f,Middle dose,CD4,0,TNFα,0.0010006016
#6cb33f,Middle dose,CD4,0,TNFα,0.0069878887
#6cb33f,Middle dose,CD4,0,TNFα,0.002000131
#6cb33f,Middle dose,CD4,0,TNFα,0.0010006016
#6cb33f,Middle dose,CD4,0,TNFα,0.002000131
#6cb33f,Middle dose,CD4,0,TNFα,0.002000131
#6cb33f,Middle dose,CD4,0,TNFα,0.0010006016
#6cb33f,Middle dose,CD4,0,TNFα,0.0010006016
#6cb33f,Middle dose,CD4,0,TNFα,0.0010006016
#6cb33f,Middle dose,CD4,0,TNFα,0.0010006016
#6cb33f,Middle dose,CD4,0,TNFα,0.002000131
#6cb33f,Middle dose,CD4,0,TNFα,0.0010006016
#6cb33f,Middle dose,CD4,0,TNFα,0.0010006016
#6cb33f,Middle dose,CD4,0,TNFα,0.0010006016
#6cb33f,Middle dose,CD4,0,TNFα,0.0010006016
#6cb33f,Middle dose,CD4,0,TNFα,0.007991214
#6cb33f,Middle dose,CD4,0,TNFα,0.0039977489
#6cb33f,Middle dose,CD4,0,TNFα,0.0010006016
#6cb33f,Middle dose,CD4,0,TNFα,0.0029912919
#6cb33f,Middle dose,CD4,0,TNFα,0.0039977489
#6cb33f,Middle dose,CD4,0,TNFα,0.0149685855
#6cb33f,Middle dose,CD4,0,TNFα,0.0010006016
#6cb33f,Middle dose,CD4,0,TNFα,0.0010006016
#6cb33f,Middle dose,CD4,14,TNFα,0.0319276592
#6cb33f,Middle dose,CD4,14,TNFα,0.0149685855
#6cb33f,Middle dose,CD4,14,TNFα,0.0059796552
#6cb33f,Middle dose,CD4,14,TNFα,0.0288994065
#6cb33f,Middle dose,CD4,14,TNFα,0.0089814209
#6cb33f,Middle dose,CD4,14,TNFα,0.0698883706
#6cb33f,Middle dose,CD4,14,TNFα,0.0069878887
#6cb33f,Middle dose,CD4,14,TNFα,0.0430408656
#6cb33f,Middle dose,CD4,14,TNFα,0.0410380052
#6cb33f,Middle dose,CD4,14,TNFα,0.0269669171
#6cb33f,Middle dose,CD4,14,TNFα,0.0010006016
#6cb33f,Middle dose,CD4,14,TNFα,0.0799229857
#6cb33f,Middle dose,CD4,14,TNFα,0.0929935634
#6cb33f,Middle dose,CD4,14,TNFα,0.1660987321
#6cb33f,Middle dose,CD4,14,TNFα,0.3248930507
#6cb33f,Middle dose,CD4,14,TNFα,0.2928288099
#6cb33f,Middle dose,CD4,14,TNFα,0.0910017693
#6cb33f,Middle dose,CD4,14,TNFα,0.1018482922
#6cb33f,Middle dose,CD4,14,TNFα,0.0269669171
#6cb33f,Middle dose,CD4,14,TNFα,0.0698883706
#6cb33f,Middle dose,CD4,14,TNFα,0.2181667355
#6cb33f,Middle dose,CD4,14,TNFα,0.0570217213
#6cb33f,Middle dose,CD4,14,TNFα,0.0689856983
#6cb33f,Middle dose,CD4,14,TNFα,0.0459250854
#6cb33f,Middle dose,CD4,14,TNFα,0.0479574497
#6cb33f,Middle dose,CD4,14,TNFα,0.1458639589
#6cb33f,Middle dose,CD4,14,TNFα,0.1281061147
#6cb33f,Middle dose,CD4,14,TNFα,0.0220032483
#6cb33f,Middle dose,CD4,14,TNFα,0.108673268
#6cb33f,Middle dose,CD4,14,TNFα,0.0490071146
#6cb33f,Middle dose,CD4,14,TNFα,0.169005491
#6cb33f,Middle dose,CD4,14,TNFα,0.1159663232
#6cb33f,Middle dose,CD4,14,TNFα,0.0049855675
#6cb33f,Middle dose,CD4,14,TNFα,0.1646603455
#6cb33f,Middle dose,CD4,14,TNFα,0.1516580459
#6cb33f,Middle dose,CD4,14,TNFα,0.1818976107
#6cb33f,Middle dose,CD4,28,TNFα,0.0229759149
#6cb33f,Middle dose,CD4,28,TNFα,0.1210982855
#6cb33f,Middle dose,CD4,28,TNFα,0.0288994065
#6cb33f,Middle dose,CD4,28,TNFα,0.0329084361
#6cb33f,Middle dose,CD4,28,TNFα,0.0189921515
#6cb33f,Middle dose,CD4,28,TNFα,0.010007837
#6cb33f,Middle dose,CD4,28,TNFα,0.0379621957
#6cb33f,Middle dose,CD4,28,TNFα,0.0748966752
#6cb33f,Middle dose,CD4,28,TNFα,0.0419362213
#6cb33f,Middle dose,CD4,28,TNFα,0.0249457394
#6cb33f,Middle dose,CD4,28,TNFα,0.0220032483
#6cb33f,Middle dose,CD4,28,TNFα,0.0619104399
#6cb33f,Middle dose,CD4,28,TNFα,0.1120219364
#6cb33f,Middle dose,CD4,28,TNFα,0.1458639589
#6cb33f,Middle dose,CD4,28,TNFα,0.675204052
#6cb33f,Middle dose,CD4,28,TNFα,0.1458639589
#6cb33f,Middle dose,CD4,28,TNFα,0.0608484449
#6cb33f,Middle dose,CD4,28,TNFα,0.0509538017
#6cb33f,Middle dose,CD4,28,TNFα,0.0698883706
#6cb33f,Middle dose,CD4,28,TNFα,0.034964535
#6cb33f,Middle dose,CD4,28,TNFα,0.0707995788
#6cb33f,Middle dose,CD4,28,TNFα,0.0638122494
#6cb33f,Middle dose,CD4,28,TNFα,0.0459250854
#6cb33f,Middle dose,CD4,28,TNFα,0.0459250854
#6cb33f,Middle dose,CD4,28,TNFα,0.0179532178
#6cb33f,Middle dose,CD4,28,TNFα,0.0490071146
#6cb33f,Middle dose,CD4,28,TNFα,0.0677991996
#6cb33f,Middle dose,CD4,28,TNFα,0.0410380052
#6cb33f,Middle dose,CD4,28,TNFα,0.0209803214
#6cb33f,Middle dose,CD4,28,TNFα,0.0120033305
#6cb33f,Middle dose,CD4,28,TNFα,0.187502621
#6cb33f,Middle dose,CD4,28,TNFα,0.0910017693
#6cb33f,Middle dose,CD4,28,TNFα,0.0608484449
#6cb33f,Middle dose,CD4,28,TNFα,0.1159663232
#6cb33f,Middle dose,CD4,28,TNFα,0.0369878955
#6cb33f,Middle dose,CD4,28,TNFα,0.3667595641
#6cb33f,Middle dose,CD4,0,IL-2,0.001
#6cb33f,Middle dose,CD4,0,IL-2,0.001
#6cb33f,Middle dose,CD4,0,IL-2,0.001
#6cb33f,Middle dose,CD4,0,IL-2,0.001
#6cb33f,Middle dose,CD4,0,IL-2,0.001
#6cb33f,Middle dose,CD4,0,IL-2,0.001
#6cb33f,Middle dose,CD4,0,IL-2,0.001
#6cb33f,Middle dose,CD4,0,IL-2,0.001
#6cb33f,Middle dose,CD4,0,IL-2,0.001
#6cb33f,Middle dose,CD4,0,IL-2,0.001
#6cb33f,Middle dose,CD4,0,IL-2,0.001
#6cb33f,Middle dose,CD4,0,IL-2,0.001
#6cb33f,Middle dose,CD4,0,IL-2,0.001998836
#6cb33f,Middle dose,CD4,0,IL-2,0.001
#6cb33f,Middle dose,CD4,0,IL-2,0.001
#6cb33f,Middle dose,CD4,0,IL-2,0.001998836
#6cb33f,Middle dose,CD4,0,IL-2,0.001998836
#6cb33f,Middle dose,CD4,0,IL-2,0.0149561256
#6cb33f,Middle dose,CD4,0,IL-2,0.0029893551
#6cb33f,Middle dose,CD4,0,IL-2,0.001
#6cb33f,Middle dose,CD4,0,IL-2,0.001
#6cb33f,Middle dose,CD4,0,IL-2,0.0039949756
#6cb33f,Middle dose,CD4,0,IL-2,0.0059752306
#6cb33f,Middle dose,CD4,0,IL-2,0.001
#6cb33f,Middle dose,CD4,0,IL-2,0.0039949756
#6cb33f,Middle dose,CD4,0,IL-2,0.0059752306
#6cb33f,Middle dose,CD4,0,IL-2,0.001
#6cb33f,Middle dose,CD4,0,IL-2,0.0089751904
#6cb33f,Middle dose,CD4,14,IL-2,0.1168603435
#6cb33f,Middle dose,CD4,14,IL-2,0.1873118784
#6cb33f,Middle dose,CD4,14,IL-2,0.0379270866
#6cb33f,Middle dose,CD4,14,IL-2,0.1377571951
#6cb33f,Middle dose,CD4,14,IL-2,0.0369536875
#6cb33f,Middle dose,CD4,14,IL-2,0.1268792857
#6cb33f,Middle dose,CD4,14,IL-2,0.0957615604
#6cb33f,Middle dose,CD4,14,IL-2,0.3108080735
#6cb33f,Middle dose,CD4,14,IL-2,0.2132767213
#6cb33f,Middle dose,CD4,14,IL-2,0.1215023333
#6cb33f,Middle dose,CD4,14,IL-2,0.046886864
#6cb33f,Middle dose,CD4,14,IL-2,0.2777336877
#6cb33f,Middle dose,CD4,14,IL-2,0.3994950972
#6cb33f,Middle dose,CD4,14,IL-2,0.3508595622
#6cb33f,Middle dose,CD4,14,IL-2,0.4244553057
#6cb33f,Middle dose,CD4,14,IL-2,0.5157262815
#6cb33f,Middle dose,CD4,14,IL-2,0.292530921
#6cb33f,Middle dose,CD4,14,IL-2,0.1755319424
#6cb33f,Middle dose,CD4,14,IL-2,0.0719686307
#6cb33f,Middle dose,CD4,14,IL-2,0.0917118156
#6cb33f,Middle dose,CD4,14,IL-2,0.4648283885
#6cb33f,Middle dose,CD4,14,IL-2,0.550336635
#6cb33f,Middle dose,CD4,14,IL-2,0.3245625436
#6cb33f,Middle dose,CD4,14,IL-2,0.1832999159
#6cb33f,Middle dose,CD4,14,IL-2,0.1307889561
#6cb33f,Middle dose,CD4,14,IL-2,0.1939072874
#6cb33f,Middle dose,CD4,14,IL-2,0.4568548481
#6cb33f,Middle dose,CD4,14,IL-2,0.1236229276
#6cb33f,Middle dose,CD4,14,IL-2,0.2285815975
#6cb33f,Middle dose,CD4,14,IL-2,0.1905810542
#6cb33f,Middle dose,CD4,14,IL-2,0.4981386825
#6cb33f,Middle dose,CD4,14,IL-2,0.1732728027
#6cb33f,Middle dose,CD4,14,IL-2,0.0100004318
#6cb33f,Middle dose,CD4,14,IL-2,0.2366301481
#6cb33f,Middle dose,CD4,14,IL-2,0.7227872049
#6cb33f,Middle dose,CD4,14,IL-2,0.4749803087
#6cb33f,Middle dose,CD4,28,IL-2,0.0729137076
#6cb33f,Middle dose,CD4,28,IL-2,0.3273674604
#6cb33f,Middle dose,CD4,28,IL-2,0.0826606225
#6cb33f,Middle dose,CD4,28,IL-2,0.0999993832
#6cb33f,Middle dose,CD4,28,IL-2,0.0328810432
#6cb33f,Middle dose,CD4,28,IL-2,0.0729137076
#6cb33f,Middle dose,CD4,28,IL-2,0.1076425002
#6cb33f,Middle dose,CD4,28,IL-2,0.1947523821
#6cb33f,Middle dose,CD4,28,IL-2,0.1825045172
#6cb33f,Middle dose,CD4,28,IL-2,0.0498163265
#6cb33f,Middle dose,CD4,28,IL-2,0.0458826119
#6cb33f,Middle dose,CD4,28,IL-2,0.1914116524
#6cb33f,Middle dose,CD4,28,IL-2,0.3448091065
#6cb33f,Middle dose,CD4,28,IL-2,0.3569831546
#6cb33f,Middle dose,CD4,28,IL-2,0.4011990697
#6cb33f,Middle dose,CD4,28,IL-2,0.2887659754
#6cb33f,Middle dose,CD4,28,IL-2,0.0597493573
#6cb33f,Middle dose,CD4,28,IL-2,0.0729137076
#6cb33f,Middle dose,CD4,28,IL-2,0.1825045172
#6cb33f,Middle dose,CD4,28,IL-2,0.1209750947
#6cb33f,Middle dose,CD4,28,IL-2,0.2366301481
#6cb33f,Middle dose,CD4,28,IL-2,0.1359842257
#6cb33f,Middle dose,CD4,28,IL-2,0.0819523781
#6cb33f,Middle dose,CD4,28,IL-2,0.1914116524
#6cb33f,Middle dose,CD4,28,IL-2,0.0987123663
#6cb33f,Middle dose,CD4,28,IL-2,0.0597493573
#6cb33f,Middle dose,CD4,28,IL-2,0.2438991237
#6cb33f,Middle dose,CD4,28,IL-2,0.0837383559
#6cb33f,Middle dose,CD4,28,IL-2,0.0788213921
#6cb33f,Middle dose,CD4,28,IL-2,0.0729137076
#6cb33f,Middle dose,CD4,28,IL-2,0.5362122397
#6cb33f,Middle dose,CD4,28,IL-2,0.1809408004
#6cb33f,Middle dose,CD4,28,IL-2,0.0559917546
#6cb33f,Middle dose,CD4,28,IL-2,0.3108080735
#6cb33f,Middle dose,CD4,28,IL-2,0.1755319424
#6cb33f,Middle dose,CD4,28,IL-2,0.9013416792
#6cb33f,Middle dose,CD8,0,IFNγ,0.0010039664
#6cb33f,Middle dose,CD8,0,IFNγ,0.0010039664
#6cb33f,Middle dose,CD8,0,IFNγ,0.0020092844
#6cb33f,Middle dose,CD8,0,IFNγ,0.0030074752
#6cb33f,Middle dose,CD8,0,IFNγ,0.0010039664
#6cb33f,Middle dose,CD8,0,IFNγ,0.0010039664
#6cb33f,Middle dose,CD8,0,IFNγ,0.0040214599
#6cb33f,Middle dose,CD8,0,IFNγ,0.0010039664
#6cb33f,Middle dose,CD8,0,IFNγ,0.0010039664
#6cb33f,Middle dose,CD8,0,IFNγ,0.0010039664
#6cb33f,Middle dose,CD8,0,IFNγ,0.0010039664
#6cb33f,Middle dose,CD8,0,IFNγ,0.0060189989
#6cb33f,Middle dose,CD8,0,IFNγ,0.0060189989
#6cb33f,Middle dose,CD8,0,IFNγ,0.0010039664
#6cb33f,Middle dose,CD8,0,IFNγ,0.0010039664
#6cb33f,Middle dose,CD8,0,IFNγ,0.0030074752
#6cb33f,Middle dose,CD8,0,IFNγ,0.0010039664
#6cb33f,Middle dose,CD8,0,IFNγ,0.0010039664
#6cb33f,Middle dose,CD8,0,IFNγ,0.0010039664
#6cb33f,Middle dose,CD8,0,IFNγ,0.0040214599
#6cb33f,Middle dose,CD8,0,IFNγ,0.0010039664
#6cb33f,Middle dose,CD8,0,IFNγ,0.0010039664
#6cb33f,Middle dose,CD8,0,IFNγ,0.0020092844
#6cb33f,Middle dose,CD8,0,IFNγ,0.0040214599
#6cb33f,Middle dose,CD8,0,IFNγ,0.0030074752
#6cb33f,Middle dose,CD8,0,IFNγ,0.0010039664
#6cb33f,Middle dose,CD8,0,IFNγ,0.0090480939
#6cb33f,Middle dose,CD8,0,IFNγ,0.0040214599
#6cb33f,Middle dose,CD8,0,IFNγ,0.0010039664
#6cb33f,Middle dose,CD8,0,IFNγ,0.0020092844
#6cb33f,Middle dose,CD8,0,IFNγ,0.0010039664
#6cb33f,Middle dose,CD8,0,IFNγ,0.0060189989
#6cb33f,Middle dose,CD8,14,IFNγ,0.0645227472
#6cb33f,Middle dose,CD8,14,IFNγ,0.0403932018
#6cb33f,Middle dose,CD8,14,IFNγ,0.0120987024
#6cb33f,Middle dose,CD8,14,IFNγ,0.1590170901
#6cb33f,Middle dose,CD8,14,IFNγ,0.0312740872
#6cb33f,Middle dose,CD8,14,IFNγ,0.0576439895
#6cb33f,Middle dose,CD8,14,IFNγ,0.0010039664
#6cb33f,Middle dose,CD8,14,IFNγ,0.3736629083
#6cb33f,Middle dose,CD8,14,IFNγ,0.0697611469
#6cb33f,Middle dose,CD8,14,IFNγ,0.033231992
#6cb33f,Middle dose,CD8,14,IFNγ,0.0544847071
#6cb33f,Middle dose,CD8,14,IFNγ,0.1611018914
#6cb33f,Middle dose,CD8,14,IFNγ,0.0312740872
#6cb33f,Middle dose,CD8,14,IFNγ,0.1875036991
#6cb33f,Middle dose,CD8,14,IFNγ,0.0261795253
#6cb33f,Middle dose,CD8,14,IFNγ,0.1490046692
#6cb33f,Middle dose,CD8,14,IFNγ,0.3196527655
#6cb33f,Middle dose,CD8,14,IFNγ,0.0272227678
#6cb33f,Middle dose,CD8,14,IFNγ,0.0070359993
#6cb33f,Middle dose,CD8,14,IFNγ,0.149655334
#6cb33f,Middle dose,CD8,14,IFNγ,0.0080483334
#6cb33f,Middle dose,CD8,14,IFNγ,0.1477118141
#6cb33f,Middle dose,CD8,14,IFNγ,0.0373600559
#6cb33f,Middle dose,CD8,14,IFNγ,0.0808445263
#6cb33f,Middle dose,CD8,14,IFNγ,0.1697022992
#6cb33f,Middle dose,CD8,14,IFNγ,0.1296962392
#6cb33f,Middle dose,CD8,14,IFNγ,0.0302083208
#6cb33f,Middle dose,CD8,14,IFNγ,0.4164342936
#6cb33f,Middle dose,CD8,14,IFNγ,0.1114341186
#6cb33f,Middle dose,CD8,14,IFNγ,0.1780011274
#6cb33f,Middle dose,CD8,14,IFNγ,0.0100842529
#6cb33f,Middle dose,CD8,14,IFNγ,0.0020092844
#6cb33f,Middle dose,CD8,14,IFNγ,0.0544847071
#6cb33f,Middle dose,CD8,14,IFNγ,0.2675811962
#6cb33f,Middle dose,CD8,14,IFNγ,0.0272227678
#6cb33f,Middle dose,CD8,28,IFNγ,0.149655334
#6cb33f,Middle dose,CD8,28,IFNγ,0.2485691069
#6cb33f,Middle dose,CD8,28,IFNγ,0.060460109
#6cb33f,Middle dose,CD8,28,IFNγ,0.2880474466
#6cb33f,Middle dose,CD8,28,IFNγ,0.0171159063
#6cb33f,Middle dose,CD8,28,IFNγ,0.0554375016
#6cb33f,Middle dose,CD8,28,IFNγ,0.1215243558
#6cb33f,Middle dose,CD8,28,IFNγ,0.8741857512
#6cb33f,Middle dose,CD8,28,IFNγ,0.0171159063
#6cb33f,Middle dose,CD8,28,IFNγ,0.0251785965
#6cb33f,Middle dose,CD8,28,IFNγ,0.0322396739
#6cb33f,Middle dose,CD8,28,IFNγ,0.2135589712
#6cb33f,Middle dose,CD8,28,IFNγ,0.0322396739
#6cb33f,Middle dose,CD8,28,IFNγ,0.3294914894
#6cb33f,Middle dose,CD8,28,IFNγ,0.0576439895
#6cb33f,Middle dose,CD8,28,IFNγ,0.0636907179
#6cb33f,Middle dose,CD8,28,IFNγ,0.7708465539
#6cb33f,Middle dose,CD8,28,IFNγ,0.0444363184
#6cb33f,Middle dose,CD8,28,IFNγ,0.0715990328
#6cb33f,Middle dose,CD8,28,IFNγ,0.2220486156
#6cb33f,Middle dose,CD8,28,IFNγ,0.0222032148
#6cb33f,Middle dose,CD8,28,IFNγ,0.2995121265
#6cb33f,Middle dose,CD8,28,IFNγ,0.2279091411
#6cb33f,Middle dose,CD8,28,IFNγ,0.1983760553
#6cb33f,Middle dose,CD8,28,IFNγ,0.1153655765
#6cb33f,Middle dose,CD8,28,IFNγ,0.0495273201
#6cb33f,Middle dose,CD8,28,IFNγ,0.0535482881
#6cb33f,Middle dose,CD8,28,IFNγ,0.2573387635
#6cb33f,Middle dose,CD8,28,IFNγ,0.1215243558
#6cb33f,Middle dose,CD8,28,IFNγ,0.27942035
#6cb33f,Middle dose,CD8,28,IFNγ,0.0586520315
#6cb33f,Middle dose,CD8,28,IFNγ,0.0120987024
#6cb33f,Middle dose,CD8,28,IFNγ,0.2995121265
#6cb33f,Middle dose,CD8,28,IFNγ,0.2867950868
#6cb33f,Middle dose,CD8,28,IFNγ,0.0514985748
#6cb33f,Middle dose,CD8,0,TNFα,0.00299551
#6cb33f,Middle dose,CD8,0,TNFα,0.0010000185
#6cb33f,Middle dose,CD8,0,TNFα,0.0010000185
#6cb33f,Middle dose,CD8,0,TNFα,0.0010000185
#6cb33f,Middle dose,CD8,0,TNFα,0.0010000185
#6cb33f,Middle dose,CD8,0,TNFα,0.0010000185
#6cb33f,Middle dose,CD8,0,TNFα,0.0010000185
#6cb33f,Middle dose,CD8,0,TNFα,0.0010000185
#6cb33f,Middle dose,CD8,0,TNFα,0.0010000185
#6cb33f,Middle dose,CD8,0,TNFα,0.0010000185
#6cb33f,Middle dose,CD8,0,TNFα,0.0010000185
#6cb33f,Middle dose,CD8,0,TNFα,0.0010000185
#6cb33f,Middle dose,CD8,0,TNFα,0.0010000185
#6cb33f,Middle dose,CD8,0,TNFα,0.0010000185
#6cb33f,Middle dose,CD8,0,TNFα,0.0010000185
#6cb33f,Middle dose,CD8,0,TNFα,0.0040054607
#6cb33f,Middle dose,CD8,0,TNFα,0.0010000185
#6cb33f,Middle dose,CD8,0,TNFα,0.00299551
#6cb33f,Middle dose,CD8,0,TNFα,0.0010000185
#6cb33f,Middle dose,CD8,0,TNFα,0.0010000185
#6cb33f,Middle dose,CD8,0,TNFα,0.0010000185
#6cb33f,Middle dose,CD8,0,TNFα,0.00299551
#6cb33f,Middle dose,CD8,0,TNFα,0.0020013833
#6cb33f,Middle dose,CD8,0,TNFα,0.0010000185
#6cb33f,Middle dose,CD8,14,TNFα,0.0020013833
#6cb33f,Middle dose,CD8,14,TNFα,0.0010000185
#6cb33f,Middle dose,CD8,14,TNFα,0.0040054607
#6cb33f,Middle dose,CD8,14,TNFα,0.0070080067
#6cb33f,Middle dose,CD8,14,TNFα,0.0010000185
#6cb33f,Middle dose,CD8,14,TNFα,0.0010000185
#6cb33f,Middle dose,CD8,14,TNFα,0.0010000185
#6cb33f,Middle dose,CD8,14,TNFα,0.0150339499
#6cb33f,Middle dose,CD8,14,TNFα,0.010044133
#6cb33f,Middle dose,CD8,14,TNFα,0.0010000185
#6cb33f,Middle dose,CD8,14,TNFα,0.00299551
#6cb33f,Middle dose,CD8,14,TNFα,0.0170478112
#6cb33f,Middle dose,CD8,14,TNFα,0.0120505681
#6cb33f,Middle dose,CD8,14,TNFα,0.0110500025
#6cb33f,Middle dose,CD8,14,TNFα,0.0049971001
#6cb33f,Middle dose,CD8,14,TNFα,0.0381935405
#6cb33f,Middle dose,CD8,14,TNFα,0.03721142
#6cb33f,Middle dose,CD8,14,TNFα,0.0010000185
#6cb33f,Middle dose,CD8,14,TNFα,0.0070080067
#6cb33f,Middle dose,CD8,14,TNFα,0.0300881379
#6cb33f,Middle dose,CD8,14,TNFα,0.0010000185
#6cb33f,Middle dose,CD8,14,TNFα,0.0090120963
#6cb33f,Middle dose,CD8,14,TNFα,0.0452301625
#6cb33f,Middle dose,CD8,14,TNFα,0.0040054607
#6cb33f,Middle dose,CD8,14,TNFα,0.0010000185
#6cb33f,Middle dose,CD8,14,TNFα,0.0533352478
#6cb33f,Middle dose,CD8,14,TNFα,0.0120505681
#6cb33f,Middle dose,CD8,14,TNFα,0.0020013833
#6cb33f,Middle dose,CD8,14,TNFα,0.024119594
#6cb33f,Middle dose,CD8,14,TNFα,0.0059950525
#6cb33f,Middle dose,CD8,14,TNFα,0.0351719813
#6cb33f,Middle dose,CD8,14,TNFα,0.0070080067
#6cb33f,Middle dose,CD8,14,TNFα,0.0010000185
#6cb33f,Middle dose,CD8,14,TNFα,0.013028916
#6cb33f,Middle dose,CD8,14,TNFα,0.0190839253
#6cb33f,Middle dose,CD8,14,TNFα,0.0070080067
#6cb33f,Middle dose,CD8,28,TNFα,0.0140254473
#6cb33f,Middle dose,CD8,28,TNFα,0.0250784241
#6cb33f,Middle dose,CD8,28,TNFα,0.00299551
#6cb33f,Middle dose,CD8,28,TNFα,0.0311496641
#6cb33f,Middle dose,CD8,28,TNFα,0.0020013833
#6cb33f,Middle dose,CD8,28,TNFα,0.0040054607
#6cb33f,Middle dose,CD8,28,TNFα,0.0180371604
#6cb33f,Middle dose,CD8,28,TNFα,0.1269600486
#6cb33f,Middle dose,CD8,28,TNFα,0.0070080067
#6cb33f,Middle dose,CD8,28,TNFα,0.0040054607
#6cb33f,Middle dose,CD8,28,TNFα,0.0059950525
#6cb33f,Middle dose,CD8,28,TNFα,0.0201027187
#6cb33f,Middle dose,CD8,28,TNFα,0.00299551
#6cb33f,Middle dose,CD8,28,TNFα,0.0070080067
#6cb33f,Middle dose,CD8,28,TNFα,0.0040054607
#6cb33f,Middle dose,CD8,28,TNFα,0.0120505681
#6cb33f,Middle dose,CD8,28,TNFα,0.0574146546
#6cb33f,Middle dose,CD8,28,TNFα,0.0010000185
#6cb33f,Middle dose,CD8,28,TNFα,0.013028916
#6cb33f,Middle dose,CD8,28,TNFα,0.013028916
#6cb33f,Middle dose,CD8,28,TNFα,0.0010000185
#6cb33f,Middle dose,CD8,28,TNFα,0.0120505681
#6cb33f,Middle dose,CD8,28,TNFα,0.0754528107
#6cb33f,Middle dose,CD8,28,TNFα,0.0059950525
#6cb33f,Middle dose,CD8,28,TNFα,0.0201027187
#6cb33f,Middle dose,CD8,28,TNFα,0.024119594
#6cb33f,Middle dose,CD8,28,TNFα,0.0010000185
#6cb33f,Middle dose,CD8,28,TNFα,0.0020013833
#6cb33f,Middle dose,CD8,28,TNFα,0.0190839253
#6cb33f,Middle dose,CD8,28,TNFα,0.0110500025
#6cb33f,Middle dose,CD8,28,TNFα,0.0361002749
#6cb33f,Middle dose,CD8,28,TNFα,0.0049971001
#6cb33f,Middle dose,CD8,28,TNFα,0.0010000185
#6cb33f,Middle dose,CD8,28,TNFα,0.081578588
#6cb33f,Middle dose,CD8,28,TNFα,0.0080163133
#6cb33f,Middle dose,CD8,28,TNFα,0.0140254473
#6cb33f,Middle dose,CD8,0,IL-2,0.0010042923
#6cb33f,Middle dose,CD8,0,IL-2,0.0010042923
#6cb33f,Middle dose,CD8,0,IL-2,0.0010042923
#6cb33f,Middle dose,CD8,0,IL-2,0.0010042923
#6cb33f,Middle dose,CD8,0,IL-2,0.0010042923
#6cb33f,Middle dose,CD8,0,IL-2,0.0010042923
#6cb33f,Middle dose,CD8,0,IL-2,0.0010042923
#6cb33f,Middle dose,CD8,0,IL-2,0.0010042923
#6cb33f,Middle dose,CD8,0,IL-2,0.0010042923
#6cb33f,Middle dose,CD8,0,IL-2,0.0010042923
#6cb33f,Middle dose,CD8,0,IL-2,0.004022765
#6cb33f,Middle dose,CD8,0,IL-2,0.0090514498
#6cb33f,Middle dose,CD8,0,IL-2,0.0010042923
#6cb33f,Middle dose,CD8,0,IL-2,0.0010042923
#6cb33f,Middle dose,CD8,0,IL-2,0.0010042923
#6cb33f,Middle dose,CD8,0,IL-2,0.0030084512
#6cb33f,Middle dose,CD8,0,IL-2,0.0010042923
#6cb33f,Middle dose,CD8,0,IL-2,0.0030084512
#6cb33f,Middle dose,CD8,0,IL-2,0.0010042923
#6cb33f,Middle dose,CD8,0,IL-2,0.0010042923
#6cb33f,Middle dose,CD8,0,IL-2,0.0010042923
#6cb33f,Middle dose,CD8,0,IL-2,0.0010042923
#6cb33f,Middle dose,CD8,0,IL-2,0.0030084512
#6cb33f,Middle dose,CD8,0,IL-2,0.0080513185
#6cb33f,Middle dose,CD8,0,IL-2,0.0020099364
#6cb33f,Middle dose,CD8,0,IL-2,0.0020099364
#6cb33f,Middle dose,CD8,14,IL-2,0.0030084512
#6cb33f,Middle dose,CD8,14,IL-2,0.0010042923
#6cb33f,Middle dose,CD8,14,IL-2,0.0010042923
#6cb33f,Middle dose,CD8,14,IL-2,0.0010042923
#6cb33f,Middle dose,CD8,14,IL-2,0.0010042923
#6cb33f,Middle dose,CD8,14,IL-2,0.0010042923
#6cb33f,Middle dose,CD8,14,IL-2,0.0010042923
#6cb33f,Middle dose,CD8,14,IL-2,0.0251867676
#6cb33f,Middle dose,CD8,14,IL-2,0.0010042923
#6cb33f,Middle dose,CD8,14,IL-2,0.0010042923
#6cb33f,Middle dose,CD8,14,IL-2,0.0222093908
#6cb33f,Middle dose,CD8,14,IL-2,0.0201895662
#6cb33f,Middle dose,CD8,14,IL-2,0.0747981363
#6cb33f,Middle dose,CD8,14,IL-2,0.0020099364
#6cb33f,Middle dose,CD8,14,IL-2,0.0161134752
#6cb33f,Middle dose,CD8,14,IL-2,0.0787948794
#6cb33f,Middle dose,CD8,14,IL-2,0.0281923485
#6cb33f,Middle dose,CD8,14,IL-2,0.0010042923
#6cb33f,Middle dose,CD8,14,IL-2,0.0130858099
#6cb33f,Middle dose,CD8,14,IL-2,0.0110977406
#6cb33f,Middle dose,CD8,14,IL-2,0.0010042923
#6cb33f,Middle dose,CD8,14,IL-2,0.004022765
#6cb33f,Middle dose,CD8,14,IL-2,0.188383595
#6cb33f,Middle dose,CD8,14,IL-2,0.0010042923
#6cb33f,Middle dose,CD8,14,IL-2,0.0261892352
#6cb33f,Middle dose,CD8,14,IL-2,0.0181150843
#6cb33f,Middle dose,CD8,14,IL-2,0.0100875255
#6cb33f,Middle dose,CD8,14,IL-2,0.0090514498
#6cb33f,Middle dose,CD8,14,IL-2,0.0767722823
#6cb33f,Middle dose,CD8,14,IL-2,0.0050184559
#6cb33f,Middle dose,CD8,14,IL-2,0.0454276709
#6cb33f,Middle dose,CD8,14,IL-2,0.0272316023
#6cb33f,Middle dose,CD8,14,IL-2,0.0010042923
#6cb33f,Middle dose,CD8,14,IL-2,0.0060212313
#6cb33f,Middle dose,CD8,14,IL-2,0.0757752683
#6cb33f,Middle dose,CD8,14,IL-2,0.0010042923
#6cb33f,Middle dose,CD8,28,IL-2,0.0130858099
#6cb33f,Middle dose,CD8,28,IL-2,0.0100875255
#6cb33f,Middle dose,CD8,28,IL-2,0.0110977406
#6cb33f,Middle dose,CD8,28,IL-2,0.0161134752
#6cb33f,Middle dose,CD8,28,IL-2,0.0010042923
#6cb33f,Middle dose,CD8,28,IL-2,0.0121031898
#6cb33f,Middle dose,CD8,28,IL-2,0.0201895662
#6cb33f,Middle dose,CD8,28,IL-2,0.07069869
#6cb33f,Middle dose,CD8,28,IL-2,0.0050184559
#6cb33f,Middle dose,CD8,28,IL-2,0.0010042923
#6cb33f,Middle dose,CD8,28,IL-2,0.0010042923
#6cb33f,Middle dose,CD8,28,IL-2,0.0150981995
#6cb33f,Middle dose,CD8,28,IL-2,0.0604797299
#6cb33f,Middle dose,CD8,28,IL-2,0.0010042923
#6cb33f,Middle dose,CD8,28,IL-2,0.0050184559
#6cb33f,Middle dose,CD8,28,IL-2,0.0242226723
#6cb33f,Middle dose,CD8,28,IL-2,0.0010042923
#6cb33f,Middle dose,CD8,28,IL-2,0.0362562348
#6cb33f,Middle dose,CD8,28,IL-2,0.0504074404
#6cb33f,Middle dose,CD8,28,IL-2,0.0140866928
#6cb33f,Middle dose,CD8,28,IL-2,0.0010042923
#6cb33f,Middle dose,CD8,28,IL-2,0.0010042923
#6cb33f,Middle dose,CD8,28,IL-2,0.048477952
#6cb33f,Middle dose,CD8,28,IL-2,0.0030084512
#6cb33f,Middle dose,CD8,28,IL-2,0.004022765
#6cb33f,Middle dose,CD8,28,IL-2,0.0070382826
#6cb33f,Middle dose,CD8,28,IL-2,0.0010042923
#6cb33f,Middle dose,CD8,28,IL-2,0.0090514498
#6cb33f,Middle dose,CD8,28,IL-2,0.0140866928
#6cb33f,Middle dose,CD8,28,IL-2,0.0030084512
#6cb33f,Middle dose,CD8,28,IL-2,0.0050184559
#6cb33f,Middle dose,CD8,28,IL-2,0.0020099364
#6cb33f,Middle dose,CD8,28,IL-2,0.0070382826
#6cb33f,Middle dose,CD8,28,IL-2,0.019165483
#6cb33f,Middle dose,CD8,28,IL-2,0.0010042923
#6cb33f,Middle dose,CD8,28,IL-2,0.0010042923
